brand,name,product_type,indoor_outdoor,capacity_persons,heater_kw,power_requirements,wood_type,exterior_dimensions,warranty_years_display,price_low,price_high,source_page
Almost Heaven,Almost Heaven Allegheny 6 Person Cabin Sauna,traditional,outdoor,6,8,240V / 40A,"Nordic Spruce (raw, untreated)",86 x 125 x 92 in,Limited lifetime,8299,10722,https://saunacosts.com/items/almost-heaven-allegheny-6-person-cabin-sauna/
Almost Heaven,Almost Heaven Alpina Outdoor Sauna - Harvia Collection,traditional,outdoor,,,,Alpina rhomboid decor outside in spruce & Wall inside in spruce,,,25018,39735,https://saunacosts.com/items/almost-heaven-alpina-outdoor-sauna-harvia-collection/
Almost Heaven,Almost Heaven Appalachia 6 Person Cabin Sauna,traditional,outdoor,6,8,240V / 40A,Nordic Spruce,156 x 125 x 92 in,Limited lifetime,8626,12650,https://saunacosts.com/items/almost-heaven-appalachia-6-person-cabin-sauna/
Almost Heaven,Almost Heaven Auburn 2-3 Person Indoor Sauna,traditional,indoor,3,6,"240V / 30A (heater), 110V / 15A (lighting)",Cedar,69 7/8 x 47 1/8 in (approx 5.8 x 3.9 ft),Limited lifetime,4260,4818,https://saunacosts.com/items/almost-heaven-auburn-2-3-person-indoor-sauna/
Almost Heaven,Almost Heaven Audra 2-4 Person Canopy Barrel Sauna,traditional,outdoor,4,6,"240V, 30-amp",Cedar,78″W x 71″D x 75⅜″H,Limited lifetime,5303,7784,https://saunacosts.com/items/almost-heaven-audra-2-4-person-canopy-barrel-sauna/
Almost Heaven,Almost Heaven Blackwater 1-2 Person Mini-Cube Sauna,traditional,outdoor,2,6,240V / 30A,Rustic Cedar,,Limited lifetime,11549.25,11549.25,https://saunacosts.com/items/almost-heaven-blackwater-1-2-person-mini-cube-sauna/
Almost Heaven,Almost Heaven BlackWater 4 Person Cube Sauna,traditional,outdoor,4,9,"240V / 45A (heater), 120V / 15A (lighting)",Cedar,84 3/8 x 71 in (approx 7 x 6 ft),Limited lifetime,9998,10563.75,https://saunacosts.com/items/almost-heaven-blackwater-4-person-cube-sauna/
Almost Heaven,Almost Heaven Bridgeport 6 Person Indoor Sauna,traditional,indoor,6,8,"240V, 40-amp",Rustic Red Cedar,86″W x 63″D x 77⅝″H,Limited lifetime,5969,14644,https://saunacosts.com/items/almost-heaven-bridgeport-6-person-indoor-sauna/
Almost Heaven,Almost Heaven Charleston 4 Person Canopy Barrel Sauna,traditional,outdoor,4,6,"240V, 30/40-amp",Rustic Red Cedar,78″W x 94″D x 75 ⅜″H,Limited lifetime,6252,7267,https://saunacosts.com/items/almost-heaven-charleston-4-person-canopy-barrel-sauna/
Almost Heaven,Almost Heaven Essex 4 Person Barrel Sauna,traditional,outdoor,4,8,"240V / 40-45A (heater), 110V / 15A (lighting)",Cedar,7 x 6 ft,Limited lifetime,5984,6697,https://saunacosts.com/items/almost-heaven-essex-4-person-barrel-sauna/
Almost Heaven,"Almost Heaven Evander Half-Moon Canopy Barrel Sauna, Harvia Collection",traditional,outdoor,6,8,"240V / 40-45A (heater), 110V / 15A (lighting)",Pine,88 13/16 x 96 1/16 in (approx 7.4 x 8 ft),Limited lifetime,8094.1,8094.1,https://saunacosts.com/items/almost-heaven-evander-half-moon-canopy-barrel-sauna-harvia-collection/
Almost Heaven,Almost Heaven Everwood Indoor Sauna - Harvia Collection (Small / 2-3 Person),traditional,indoor,2,8,,Interior and exterior in Nordic Spruce,81.13 x 62.19 x 80.31 in,,8110,8460,https://saunacosts.com/items/almost-heaven-everwood-indoor-sauna-harvia-collection-small-2-3-person/
Almost Heaven,Almost Heaven Grandview 4-6 Person Canopy Barrel Sauna,traditional,outdoor,6,10.5,"240V, 40/45-amp",Rustic Red Cedar,82⅜″W x 94″D x 85⅞″H,Limited lifetime,6358,7374,https://saunacosts.com/items/almost-heaven-grandview-4-6-person-canopy-barrel-sauna/
Almost Heaven,Almost Heaven Grayson 4 Person Indoor Sauna,traditional,indoor,4,8,"240V, 30/40-amp",Rustic Red Cedar,71½″W x 71½″D x 77⅝″H,Limited lifetime,5598,8895,https://saunacosts.com/items/almost-heaven-grayson-4-person-indoor-sauna/
Almost Heaven,Almost Heaven Hillsboro 2 Person Indoor Sauna,traditional,indoor,2,6,"240V, 30-amp",Spruce,63″W x 45¼″D x 80⁵⁄₁₆″H,Limited lifetime,4667,6599.99,https://saunacosts.com/items/almost-heaven-hillsboro-2-person-indoor-sauna/
Almost Heaven,Almost Heaven Himalaya (Corner / 4-5 Person),traditional,indoor,4,8,,Interior and exterior in Nordic Spruce,81 x 81 x 80 in,,9309,12876,https://saunacosts.com/items/almost-heaven-himalaya-corner-4-5-person/
Almost Heaven,Almost Heaven Himalaya (Large / 6-Person),traditional,indoor,6,8,"240V, dedicated 40amp breaker, 8/2 wire",Nordic Spruce,"80"" W x 80"" D x 80"" H",Limited lifetime,6099.99,9243,https://saunacosts.com/items/almost-heaven-himalaya-large-6-person/
Almost Heaven,Almost Heaven Himalaya Salt Indoor Sauna,traditional,indoor,4,6,,Premium Nordic Spruce,81 x 54 x 80 in,Limited lifetime,9013,12359,https://saunacosts.com/items/almost-heaven-himalaya-salt-indoor-sauna/
Almost Heaven,Almost Heaven Himalaya (Small / 4-Person),traditional,indoor,4,6,"240V, dedicated 30amp breaker, 10/2 wire",Nordic Spruce,"81"" W x 54"" D x 80"" H",Limited lifetime,4466.87,8963,https://saunacosts.com/items/almost-heaven-himalaya-small-4-person/
Almost Heaven,Almost Heaven Hinton 2-3 Person Infrared Sauna,infrared,indoor,3,2.4,120V / 20A,Rustic Cedar,69.88 x 47.13 x 77.63 in,Limited lifetime,,,https://saunacosts.com/items/almost-heaven-hinton-2-3-person-infrared-sauna/
Almost Heaven,Almost Heaven Huntington 4-6 Person Canopy Barrel Sauna,traditional,outdoor,6,8,"240V, 40-amp",Cedar,78″W x 94″D x 75⅜″H,Limited lifetime,6252,7267,https://saunacosts.com/items/almost-heaven-huntington-4-6-person-canopy-barrel-sauna/
Almost Heaven,"Almost Heaven Kuuma 4-6 Person Classic Barrel Sauna, Harvia Collection",traditional,outdoor,6,8,"240V / 40-45A (heater), 110V / 15A (lighting)",Pine,88 13/16 x 72 7/16 in (approx 7.4 x 6 ft),Limited lifetime,6092.8,6092.8,https://saunacosts.com/items/almost-heaven-kuuma-4-6-person-classic-barrel-sauna-harvia-collection/
Almost Heaven,Almost Heaven Laurel 1 Person Infrared Sauna,infrared,indoor,1,2.4,120V / 20A,Rustic Cedar,53.25 x 36 x 77.63 in,Limited lifetime,5999.99,5999.99,https://saunacosts.com/items/almost-heaven-laurel-1-person-infrared-sauna/
Almost Heaven,Almost Heaven Lewisburg 6-8 Person Barrel Sauna,traditional,outdoor,8,8,240V / 40A,Cedar,7 x 8 ft,,6358,9083,https://saunacosts.com/items/almost-heaven-lewisburg-6-8-person-barrel-sauna/
Almost Heaven,Almost Heaven Logan 1 Person Indoor Sauna,traditional,indoor,1,6,"240V, 30-amp",Rustic Red Cedar,53¼″W x 36″D x 77⅝″H,Limited lifetime,3885,4982.27,https://saunacosts.com/items/almost-heaven-logan-1-person-indoor-sauna/
Almost Heaven,Almost Heaven Madison 2-3 Person Indoor Sauna,traditional,indoor,3,6,"240V, 30-amp",Rustic Red Cedar,65″W x 53″D x 77⅝″H,Limited lifetime,4786,5214,https://saunacosts.com/items/almost-heaven-madison-2-3-person-indoor-sauna/
Almost Heaven,"Almost Heaven Magnus 6 Person Canopy Barrel Sauna, Harvia Collection",traditional,outdoor,6,8,"240V / 40-45A (heater), 110V / 15A (lighting)",Pine,88 13/16 x 96 1/16 in (approx 7.4 x 8 ft),Limited lifetime,,,https://saunacosts.com/items/almost-heaven-magnus-6-person-canopy-barrel-sauna-harvia-collection/
Almost Heaven,Almost Heaven Oasis 4 Person Indoor Sauna,traditional,indoor,4,8,"240V / 40A (heater), 110V / 15A (lighting)",Cedar,83 1/4 x 63 3/4 in (approx 6.9 x 5.3 ft),Limited lifetime,5465,7806,https://saunacosts.com/items/almost-heaven-oasis-4-person-indoor-sauna/
Almost Heaven,Almost Heaven Olympus,traditional,indoor,6,9,"240V, dedicated 40amp breaker, 8/2 wire",Nordic Spruce,"84"" W x 80"" D x 81"" H",Limited lifetime,8939,9638,https://saunacosts.com/items/almost-heaven-olympus/
Almost Heaven,Almost Heaven Patterson 6 Person Indoor Sauna,traditional,indoor,6,8,"240V, 40-amp",,81⅞″W x 81⅞″D x 80⁵⁄₁₆″H,Limited lifetime,6739,7438,https://saunacosts.com/items/almost-heaven-patterson-6-person-indoor-sauna/
Almost Heaven,Almost Heaven Pinnacle 4 Person Barrel Sauna,traditional,outdoor,4,6,"240V / 30A (heater), 120V / 15A (lighting)",Cedar,6 x 6 ft,Limited lifetime,5303,6002,https://saunacosts.com/items/almost-heaven-pinnacle-4-person-barrel-sauna/
Almost Heaven,Almost Heaven Princeton 6 Person Barrel Sauna,traditional,outdoor,6,8,240V / 40A,Cedar,78 x 94 x 75.38 in,,6252,9331,https://saunacosts.com/items/almost-heaven-princeton-6-person-barrel-sauna/
Almost Heaven,Almost Heaven Rainelle 4 Person Indoor Sauna,traditional,indoor,4,8,"240V, 30/40-amp",Rustic Red Cedar,71½″W x 62¾″D x 77⅝″H,Limited lifetime,5127,9100.8,https://saunacosts.com/items/almost-heaven-rainelle-4-person-indoor-sauna/
Almost Heaven,"Almost Heaven Saddle Mountain Outdoor Sauna, Harvia Collection",traditional,outdoor,6,10.5,,Spruce,86 5/8 x 121 5/8 in,Limited lifetime,12229,19652,https://saunacosts.com/items/almost-heaven-saddle-mountain-outdoor-sauna-harvia-collection/
Almost Heaven,Almost Heaven Salem 2 Person Barrel Sauna Kit,traditional,outdoor,2,6,240V / 30A,Rustic Red Cedar,78 x 47 x 75.375 in,Limited lifetime,4036.5,4789,https://saunacosts.com/items/almost-heaven-salem-2-person-barrel-sauna-kit/
Almost Heaven,Almost Heaven Seneca 6 Person Barrel Sauna,traditional,outdoor,6,8,"240V / 40-45A (heater), 110V / 15A (lighting)",Cedar,7 x 7 ft,Limited lifetime,6191,6904,https://saunacosts.com/items/almost-heaven-seneca-6-person-barrel-sauna/
Almost Heaven,Almost Heaven Serena 3 Person Indoor Sauna,traditional,indoor,3,6,"240V / 30A (heater), 110V / 15A (lighting)",Cedar,57 3/4 x 63 3/4 in (approx 4.8 x 5.3 ft),Limited lifetime,4489,6899,https://saunacosts.com/items/almost-heaven-serena-3-person-indoor-sauna/
Almost Heaven,Almost Heaven Shenandoah 4 Person Barrel Sauna,traditional,outdoor,4,8,"240V / 40-45A (heater), 110V / 15A (lighting)",Cedar,82 3/8 x 119 in,Limited lifetime,7455,14619,https://saunacosts.com/items/almost-heaven-shenandoah-4-person-barrel-sauna/
Almost Heaven,Almost Heaven Solide Compact 4-6 Person Cabin Sauna,traditional,outdoor,6,8,"240V / 40-45A (heater), 110V / 15A (lighting)",Nordic Spruce,128 x 112 in (approx 10.7 x 9.3 ft),Limited lifetime,12634,14233,https://saunacosts.com/items/almost-heaven-solide-compact-4-6-person-cabin-sauna/
Almost Heaven,Almost Heaven Spectacle 2 Person Indoor Sauna,traditional,indoor,2,6,"240V / 30A (heater), 110V / 15A (lighting)",Cedar,57 3/4 x 52 1/4 in (approx 4.8 x 4.4 ft),Limited lifetime,4335,5619,https://saunacosts.com/items/almost-heaven-spectacle-2-person-indoor-sauna/
Almost Heaven,Almost Heaven Sutton 2 Person Indoor Sauna,traditional,indoor,2,6,"6kW, 240V, 30-amp requirement, hard-wire connect",,,,4515,6016,https://saunacosts.com/items/almost-heaven-sutton-2-person-indoor-sauna/
Almost Heaven,"Almost Heaven Takoa Half Moon Classic Barrel Sauna, Harvia Collection",traditional,outdoor,6,8,"240V / 40-45A (heater), 110V / 15A (lighting)",Pine,88 13/16 x 72 7/16 in,Limited lifetime,6183,15273,https://saunacosts.com/items/almost-heaven-takoa-half-moon-classic-barrel-sauna-harvia-collection/
Almost Heaven,Almost Heaven Timberline Outdoor Sauna - Harvia Collection,traditional,outdoor,6,8,,Spruce lumber,160.25 x 79.94 x 106.75 in,Limited lifetime,9963,11962,https://saunacosts.com/items/almost-heaven-timberline-outdoor-sauna-harvia-collection/
Almost Heaven,Almost Heaven Titan 6 Person Indoor Sauna,traditional,indoor,6,8,"240V / 40-45A (heater), 110V / 15A (lighting)",Cedar,83 1/4 x 72 1/4 in,Limited lifetime,5723,8176,https://saunacosts.com/items/almost-heaven-titan-6-person-indoor-sauna/
Almost Heaven,Almost Heaven Tyrol Indoor Sauna - Harvia Collection,traditional,indoor,4,6,,,76.56 x 73.44 x 80.31 in,Limited lifetime,6109,6374,https://saunacosts.com/items/almost-heaven-tyrol-indoor-sauna-harvia-collection/
Almost Heaven,Almost Heaven Vienna 2 Person Canopy Barrel Sauna,traditional,outdoor,2,6,240V / 30A,Cedar,78 x 59 x 75.38 in,,4922,5522,https://saunacosts.com/items/almost-heaven-vienna-2-person-canopy-barrel-sauna/
Almost Heaven,Almost Heaven View Outdoor Sauna - Harvia Collection,traditional,outdoor,,,,Solid Nordic Spruce,79.94 x 79.94 x 104.38 in,,12634,20257,https://saunacosts.com/items/almost-heaven-view-outdoor-sauna-harvia-collection/
Almost Heaven,Almost Heaven Watoga 2-4 Person Barrel Sauna Kit,traditional,outdoor,4,6,240V / 30A,Rustic Red Cedar,78 x 59 x 75.375 in,Limited lifetime,4665,5522,https://saunacosts.com/items/almost-heaven-watoga-2-4-person-barrel-sauna-kit/
Almost Heaven,Almost Heaven Wolfpine Indoor Sauna - Harvia Collection (Small / 2-3 Person),traditional,indoor,2,6,,Solid Nordic Spruce,81.88 x 62.19 x 79.5 in,,6821,7116,https://saunacosts.com/items/almost-heaven-wolfpine-indoor-sauna-harvia-collection-small-2-3-person/
Almost Heaven,Almost Heaven Worthington 4-6 Person Indoor Sauna,traditional,indoor,6,8,"240V, 40-amp",Nordic Spruce,81⅞″W x 64³⁄₁₆″D x 80⁵⁄₁₆″H,Limited lifetime,5191,5890,https://saunacosts.com/items/almost-heaven-worthington-4-6-person-indoor-sauna/
Auroom,Auroom Arti,traditional,outdoor,4,,,Aspen Alder Thermo-aspen,86.61 x 110.24 x 96.06 in,,34999,43990,https://saunacosts.com/items/auroom-arti/
Auroom,Auroom Aura,traditional,outdoor,2,,,,69 x 68 x 97 in,,17990,20740,https://saunacosts.com/items/auroom-aura/
Auroom,Auroom Baia Glass Indoor Sauna Kit,traditional,indoor,2,,220-240V hardwired,Thermo-Aspen,64.25 x 64.25 x 80.75 in,,8990,9990,https://saunacosts.com/items/auroom-baia-glass-indoor-sauna-kit/
Auroom,Auroom Baia Wood Indoor Sauna Kit,traditional,indoor,2,,,Thermo-aspen,64.25 x 64.25 x 80.75 in,,7990,9990,https://saunacosts.com/items/auroom-baia-wood-indoor-sauna-kit/
Auroom,Auroom Cala Glass Cabin Sauna Kit,traditional,indoor,4,,220-240V hardwired,Aspen (Thermo-Aspen option),59 x 59 x 80.75 in,,8990,8990,https://saunacosts.com/items/auroom-cala-glass-cabin-sauna-kit/
Auroom,Auroom Cala Glass Mini Sauna Kit,traditional,indoor,1,,220-240V hardwired,Aspen (Thermo-Aspen option),37.4 x 37.4 x 80.7 in,,6990,6990,https://saunacosts.com/items/auroom-cala-glass-mini-sauna-kit/
Auroom,Auroom Cala Wood Cabin Sauna Kit,traditional,indoor,2,,,Thermo-aspen,59 x 59 x 80.75 in,,6986,8790,https://saunacosts.com/items/auroom-cala-wood-cabin-sauna-kit/
Auroom,Auroom Garda,traditional,outdoor,4,10.5,,Thermo-pine with black paint / Thermo-aspen / Thermo-pine oiled,90.55 x 90.55 x 98.82 in,,24999,33890,https://saunacosts.com/items/auroom-garda/
Auroom,Auroom Libera Glass Cabin Sauna Kit,traditional,indoor,6,,220-240V hardwired,Aspen,71 x 59 x 82.7 in,,14990,15990,https://saunacosts.com/items/auroom-libera-glass-cabin-sauna-kit/
Auroom,Auroom Libera Wood Cabin Sauna Kit,traditional,indoor,,,,Thermo-aspen Aspen Alder,,,14990,15990,https://saunacosts.com/items/auroom-libera-wood-cabin-sauna-kit/
Auroom,Auroom Lumina,traditional,indoor,,,,Dark thermo-alder panels with aspen grooves / Alder panels with aspen grooves / Aspen panels with dark thermo-alder grooves,,,11999,26990,https://saunacosts.com/items/auroom-lumina/
Auroom,Auroom Mira L,traditional,outdoor,5,,,Thermo-aspen interior,86 x 87 x 97 in,,22990,22990,https://saunacosts.com/items/auroom-mira-l/
Auroom,Auroom Mira S,traditional,outdoor,2,,,Thermo-aspen interior,63.8 x 62.3 x 96.9 in,,14990,14990,https://saunacosts.com/items/auroom-mira-s/
Auroom,Auroom Natura,traditional,outdoor,5,,,Aspen Alder Thermo-aspen,137.8 x 137.8 x 111.42 in,,35400,61845,https://saunacosts.com/items/auroom-natura/
Auroom,Auroom Terra Outdoor Cabin Sauna,traditional,outdoor,6,,,Thermo-pine exterior,101.6 x 86.6 x 98.4 in,,37167,47890,https://saunacosts.com/items/auroom-terra-outdoor-cabin-sauna/
Auroom,Auroom Vulcana,traditional,indoor,4,,,Ignite Thermo-aspen,78.74 x 78.74 x 86.22 in,,13612.92,16900,https://saunacosts.com/items/auroom-vulcana/
Backyard Discovery,Backyard Discovery Bennett Outdoor Cabin Sauna 2-4 Person,traditional,outdoor,4,9,240V / 50A hardwired,Cedar,"62.3"" x 90.8"" x 81.5"" (W x D x H) including roof overhang",,3999,3999,https://saunacosts.com/items/backyard-discovery-bennett-outdoor-cabin-sauna-2-4-person/
Backyard Discovery,Backyard Discovery Henley Outdoor Cabin Sauna 2-4 Person,traditional,outdoor,4,9,240V / 50A hardwired,Cedar,"62.3"" x 90.8"" x 81.5"" (W x D x H) including roof overhang",,,,https://saunacosts.com/items/backyard-discovery-henley-outdoor-cabin-sauna-2-4-person/
Backyard Discovery,Backyard Discovery Henley Outdoor Cabin Sauna 4-6 Person,traditional,outdoor,6,9,240V / 50A hardwired,Cedar,"80"" x 90.8"" x 81.5"" (W x D x H) including roof overhang",,,,https://saunacosts.com/items/backyard-discovery-henley-outdoor-cabin-sauna-4-6-person/
Backyard Discovery,Backyard Discovery Knox Indoor Infrared Sauna 2 Person,infrared,indoor,2,1.76,120V / 15A,Cedar,"47.75"" x 41.5"" x 77"" (W x D x H)",,2299,2299,https://saunacosts.com/items/backyard-discovery-knox-indoor-infrared-sauna-2-person/
Backyard Discovery,Backyard Discovery Lennon Outdoor Cube Sauna 2-4 Person,traditional,outdoor,4,9,240V / 50A hardwired,Cedar,"69.5"" x 53.1"" x 78.3"" (W x D x H)",,,,https://saunacosts.com/items/backyard-discovery-lennon-outdoor-cube-sauna-2-4-person/
Backyard Discovery,Backyard Discovery Lennon Outdoor Cube Sauna 4-6 Person,traditional,outdoor,6,9,240V / 50A hardwired,Cedar,"69.5"" x 76.2"" x 78.3"" (W x D x H)",,,,https://saunacosts.com/items/backyard-discovery-lennon-outdoor-cube-sauna-4-6-person/
Backyard Discovery,Backyard Discovery Lennon Outdoor Cube Sauna with Porch 2-4 Person,traditional,outdoor,4,9,240V / 50A hardwired,Cedar,"69.5"" x 71"" x 78.3"" (W x D x H)",,,,https://saunacosts.com/items/backyard-discovery-lennon-outdoor-cube-sauna-with-porch-2-4-person/
Backyard Discovery,Backyard Discovery Lennon Outdoor Cube Sauna with Porch 4-6 Person,traditional,outdoor,6,9,240V / 50A hardwired,Cedar,"69.5"" x 94"" x 78.3"" (W x D x H)",,,,https://saunacosts.com/items/backyard-discovery-lennon-outdoor-cube-sauna-with-porch-4-6-person/
Backyard Discovery,Backyard Discovery Paxton Outdoor Barrel Sauna 2-4 Person,traditional,outdoor,4,9,240V / 50A hardwired,Cedar,"76"" x 65.6""x 80"" (W x D x H)",,,,https://saunacosts.com/items/backyard-discovery-paxton-outdoor-barrel-sauna-2-4-person/
Backyard Discovery,Backyard Discovery Paxton Outdoor Barrel Sauna 4-6 Person,traditional,outdoor,6,9,240V / 50A hardwired,Cedar,"76"" x 83.5"" x 80"" (W x D x H)",,,,https://saunacosts.com/items/backyard-discovery-paxton-outdoor-barrel-sauna-4-6-person/
Backyard Discovery,Backyard Discovery Paxton Outdoor Barrel Sauna with Porch 2-4 Person,traditional,outdoor,4,9,240V / 50A hardwired,Cedar,"76"" x 83.5"" x 80"" (W x D x H)",,,,https://saunacosts.com/items/backyard-discovery-paxton-outdoor-barrel-sauna-with-porch-2-4-person/
Backyard Discovery,Backyard Discovery Paxton Outdoor Barrel Sauna with Porch 4-6 Person,traditional,outdoor,6,9,240V / 50A hardwired,Cedar,"76"" x 101.5"" x 80"" (W x D x H)",,,,https://saunacosts.com/items/backyard-discovery-paxton-outdoor-barrel-sauna-with-porch-4-6-person/
Backyard Discovery,Backyard Discovery Rylan Indoor Infrared Corner Sauna 4 Person,infrared,indoor,4,3.4,240V / 20A (NEMA 6-20P),Cedar,"90.6"" x 59.6"" x 77"" (W x D x H)",,,,https://saunacosts.com/items/backyard-discovery-rylan-indoor-infrared-corner-sauna-4-person/
Backyard Discovery,Backyard Discovery Rylan Indoor Infrared Sauna 1 Person,infrared,indoor,1,1.76,120V / 15A,Cedar,"38"" x 41.5"" x 77"" (W x D x H)",,,,https://saunacosts.com/items/backyard-discovery-rylan-indoor-infrared-sauna-1-person/
Backyard Discovery,Backyard Discovery Rylan Indoor Infrared Sauna 2 Person,infrared,indoor,2,1.76,120V / 15A,Cedar,"47.75"" x 41.5"" x 77"" (W x D x H)",,,,https://saunacosts.com/items/backyard-discovery-rylan-indoor-infrared-sauna-2-person/
Backyard Discovery,Backyard Discovery Rylan Indoor Infrared Sauna 4 Person,infrared,indoor,4,3.4,240V / 20A (NEMA 6-20P),Cedar,"74.8"" x 41.5"" x 77"" (W x D x H)",,,,https://saunacosts.com/items/backyard-discovery-rylan-indoor-infrared-sauna-4-person/
Clearlight,Clearlight Premier 2,infrared,indoor,2,1.75,120V / 15A,Mahogany,50 x 44 x 76 in,Limited lifetime,,,https://saunacosts.com/items/clearlight-premier-2/
Clearlight,Clearlight Premier 3,infrared,indoor,3,1.95,120V / 20A,Mahogany,61 x 44 x 76 in,Limited lifetime,,,https://saunacosts.com/items/clearlight-premier-3/
Clearlight,Clearlight Sanctuary 1,infrared,indoor,1,1.75,120V / 15A,Mahogany,42.5 x 48.25 x 77 in,Limited lifetime,,,https://saunacosts.com/items/clearlight-sanctuary-1/
Clearlight,Clearlight Sanctuary 2,infrared,indoor,2,2.26,120V / 20A,Mahogany,51.75 x 47.75 x 77 in,Limited lifetime,,,https://saunacosts.com/items/clearlight-sanctuary-2/
Clearlight,Clearlight Sanctuary 5,infrared,indoor,4,3.96,240V / 20A,Mahogany,82.25 x 47.25 x 77 in,Limited lifetime,,,https://saunacosts.com/items/clearlight-sanctuary-5/
Clearlight,Clearlight Sanctuary Outdoor 2,infrared,outdoor,2,2.32,240V / 15A,DriftwoodTec (exterior) / Mahogany (interior),56.5 x 50.25 x 78.5 in,Limited lifetime,7299,7299,https://saunacosts.com/items/clearlight-sanctuary-outdoor-2/
Dundalk LeisureCraft,Dundalk LeisureCraft Canadian Timber Elation Barrel Sauna,traditional,outdoor,4,7.5,,Canadian white cedar,"Approx. 96"" W x 98"" D x 88"" H (per maker's own scaled technical drawing; barrel width/height called out as 96""/88"" on the Side View, 98""/96"" on the Top View)",,6945,6976,https://saunacosts.com/items/dundalk-leisurecraft-canadian-timber-elation-barrel-sauna/
Dundalk LeisureCraft,"Dundalk LeisureCraft Canadian Timber Georgian Cabin Sauna (base, no porch/changeroom)",traditional,outdoor,6,8.25,,Eastern White Cedar,"97.25"" D x 98.25"" W x 100.75"" H",,7646.5,7647,https://saunacosts.com/items/dundalk-leisurecraft-canadian-timber-georgian-cabin-sauna-base-no-porch-changero/
Dundalk LeisureCraft,Dundalk LeisureCraft Canadian Timber Georgian Cabin Sauna (with Changeroom),traditional,outdoor,6,8.25,,Eastern White Cedar,"97.25""D x 98.25""W x 100.75""H (base cabin); ""Add 48.5″ (123 cm) for Changeroom"" per maker's own note   changeroom variant depth is not given as a single combined number",,10129.5,10130,https://saunacosts.com/items/dundalk-leisurecraft-canadian-timber-georgian-cabin-sauna-with-changeroom/
Dundalk LeisureCraft,Dundalk LeisureCraft Canadian Timber Georgian Cabin Sauna (with Porch),traditional,outdoor,6,8.25,,Eastern White Cedar,"97.25""D x 98.25""W x 100.75""H (base cabin); ""Add 24.5″ (62 cm) for Porch"" per maker's own note   porch variant depth is not given as a single combined number",,7199,8594,https://saunacosts.com/items/dundalk-leisurecraft-canadian-timber-georgian-cabin-sauna-with-porch/
Dundalk LeisureCraft,Dundalk LeisureCraft Canadian Timber Granby Cabin Sauna,traditional,outdoor,3,4.5,,Eastern White Cedar,"73.25"" D x 74.25"" W x 97.5"" H",,6106,6260,https://saunacosts.com/items/dundalk-leisurecraft-canadian-timber-granby-cabin-sauna/
Dundalk LeisureCraft,Dundalk LeisureCraft Canadian Timber Harmony Barrel Sauna,traditional,outdoor,4,6,,Eastern White Cedar,79″ (201 cm) D x 86.25″ (219 cm),,5640,6097,https://saunacosts.com/items/dundalk-leisurecraft-canadian-timber-harmony-barrel-sauna/
Dundalk LeisureCraft,Dundalk LeisureCraft Canadian Timber Luna Sauna,traditional,outdoor,2,,,Eastern White Cedar,,,7031,7392,https://saunacosts.com/items/dundalk-leisurecraft-canadian-timber-luna-sauna/
Dundalk LeisureCraft,Dundalk LeisureCraft Canadian Timber MiniPOD Sauna,traditional,outdoor,4,6,,Eastern White Cedar,"85"" D x 85.5"" W x 84"" H",,5654.5,10692,https://saunacosts.com/items/dundalk-leisurecraft-canadian-timber-minipod-sauna/
Dundalk LeisureCraft,Dundalk LeisureCraft Canadian Timber Palmer Cabin Sauna,traditional,outdoor,3,,,Eastern White Cedar,,,6757,7321,https://saunacosts.com/items/dundalk-leisurecraft-canadian-timber-palmer-cabin-sauna/
Dundalk LeisureCraft,Dundalk LeisureCraft Canadian Timber Serenity Barrel Sauna,traditional,outdoor,5,6,,Eastern White Cedar,94.5″ (240 cm) D x 86.25″ (219 cm),,5885,6158,https://saunacosts.com/items/dundalk-leisurecraft-canadian-timber-serenity-barrel-sauna/
Dundalk LeisureCraft,Dundalk LeisureCraft Canadian Timber Serenity Barrel Sauna MP (Panoramic/Halfmoon Windows),traditional,outdoor,5,6,,Eastern White Cedar,94.5″ (240 cm) D x 86.25″ (219 cm),,8005.5,10499,https://saunacosts.com/items/dundalk-leisurecraft-canadian-timber-serenity-barrel-sauna-mp-panoramic-halfmoon/
Dundalk LeisureCraft,Dundalk LeisureCraft Canadian Timber Tranquility Barrel Sauna,traditional,outdoor,6,8.25,,Eastern White Cedar,118″ (300 cm) D x 86.25″ (219 cm),,6513.5,6514,https://saunacosts.com/items/dundalk-leisurecraft-canadian-timber-tranquility-barrel-sauna/
Dundalk LeisureCraft,Dundalk LeisureCraft Canadian Timber Tranquility Barrel Sauna MP (Panoramic/Halfmoon Windows),traditional,outdoor,6,8.25,,Eastern White Cedar,118″ (300 cm) D x 86.25″ (219 cm),,6176.5,12128,https://saunacosts.com/items/dundalk-leisurecraft-canadian-timber-tranquility-barrel-sauna-mp-panoramic-halfm/
Dundalk LeisureCraft,Dundalk LeisureCraft Clear Cedar Mini POD 2-4 Person Sauna,traditional,outdoor,4,6,,"Clear red cedar (benches/door), knotty cedar exterior",,,9249.5,9249.5,https://saunacosts.com/items/dundalk-leisurecraft-clear-cedar-mini-pod-2-4-person-sauna/
Dundalk LeisureCraft,Dundalk LeisureCraft Clear Cedar Outdoor Cabin Sauna (Electric),traditional,outdoor,6,8,,Red cedar tongue-and-groove,,,5830,8592.5,https://saunacosts.com/items/dundalk-leisurecraft-clear-cedar-outdoor-cabin-sauna-electric/
Dundalk LeisureCraft,Dundalk LeisureCraft Clear Cedar Outdoor Luna Sauna,traditional,outdoor,6,8,,Clear cedar,,,7361,12999.5,https://saunacosts.com/items/dundalk-leisurecraft-clear-cedar-outdoor-luna-sauna/
Dundalk LeisureCraft,Dundalk LeisureCraft Clear Red Cedar Barrel Sauna,traditional,outdoor,,,,,,,10706.5,10706.5,https://saunacosts.com/items/dundalk-leisurecraft-clear-red-cedar-barrel-sauna/
Dundalk LeisureCraft,Dundalk LeisureCraft Clear Red Cedar Indoor Cabin Sauna 4x6 (LS460),traditional,indoor,,,,Clear Red Cedar,,,7230.5,13661,https://saunacosts.com/items/dundalk-leisurecraft-clear-red-cedar-indoor-cabin-sauna-4x6-ls460/
Dundalk LeisureCraft,Dundalk LeisureCraft CT Element Loft Sauna (54x74),traditional,indoor,3,6,,Thermo Grandis,,,9534,9648.5,https://saunacosts.com/items/dundalk-leisurecraft-ct-element-loft-sauna-54x74/
Dundalk LeisureCraft,Dundalk LeisureCraft CT Element Nook Sauna Kit (54x54),traditional,indoor,2,5,,Thermo Grandis,,,8435,8465.5,https://saunacosts.com/items/dundalk-leisurecraft-ct-element-nook-sauna-kit-54x54/
Dundalk LeisureCraft,Dundalk LeisureCraft CT Element Studio Sauna (64x84),traditional,indoor,4,6,,Thermo Grandis,,,10620,10650.5,https://saunacosts.com/items/dundalk-leisurecraft-ct-element-studio-sauna-64x84/
Dundalk LeisureCraft,Dundalk LeisureCraft Knotty Red Cedar Barrel Sauna,traditional,outdoor,,,,,,,1118.95,6909.5,https://saunacosts.com/items/dundalk-leisurecraft-knotty-red-cedar-barrel-sauna/
Dundalk LeisureCraft,Dundalk LeisureCraft Knotty Red Cedar Indoor Cabin Sauna 4x6 (LS462),traditional,indoor,,,,Knotty Red Cedar,,,6117.5,12107,https://saunacosts.com/items/dundalk-leisurecraft-knotty-red-cedar-indoor-cabin-sauna-4x6-ls462/
Dundalk LeisureCraft,Dundalk LeisureCraft Knotty Red Cedar MiniPOD Sauna 7x7 (MINPOD2),traditional,outdoor,,,,Knotty Red Cedar,,,7202.5,7202.5,https://saunacosts.com/items/dundalk-leisurecraft-knotty-red-cedar-minipod-sauna-7x7-minpod2/
Dundalk LeisureCraft,Dundalk LeisureCraft Knotty Red Cedar Outdoor Cabin Sauna 5x6 (OLS562),traditional,outdoor,,,,Knotty Red Cedar,,,7759,7759,https://saunacosts.com/items/dundalk-leisurecraft-knotty-red-cedar-outdoor-cabin-sauna-5x6-ols562/
Dundalk LeisureCraft,Dundalk LeisureCraft Knotty Red Cedar Panoramic Sauna 7x6 with Changeroom (762PVC),traditional,outdoor,,,,Knotty Red Cedar,,,10391,10391,https://saunacosts.com/items/dundalk-leisurecraft-knotty-red-cedar-panoramic-sauna-7x6-with-changeroom-762pvc/
Dundalk LeisureCraft,Dundalk LeisureCraft Knotty Red Cedar Panoramic Sauna 7x6 with Changeroom and Porch (762PVCP),traditional,outdoor,,,,Knotty Red Cedar,,,6670,10391,https://saunacosts.com/items/dundalk-leisurecraft-knotty-red-cedar-panoramic-sauna-7x6-with-changeroom-and-po/
Dynamic Saunas,Dynamic Saunas Dynamic 1 Person (Compact) Ultra Low EMF FAR Infrared Sauna (DYN-1101-01 Elite),infrared,,1,,120V/15amp,Cedar wood construction,"36"" x 28"" x 65""",,1499,2999,https://saunacosts.com/items/dynamic-saunas-dynamic-1-person-compact-ultra-low-emf-far-infrared-sauna-dyn-110/
Dynamic Saunas,Dynamic Saunas Dynamic 1 Person (Compact) Ultra Low EMF FAR Infrared Sauna (DYN-1201-01 Elite),infrared,,1,,120V/15amp,Cedar wood construction,"32"" x 34"" x 67""",,1414.99,2999,https://saunacosts.com/items/dynamic-saunas-dynamic-1-person-compact-ultra-low-emf-far-infrared-sauna-dyn-120/
Dynamic Saunas,"Dynamic Saunas Dynamic ""Avila"" 1-2 Person Low EMF FAR IR Sauna (DYN-6103-01)",infrared,indoor,1,,120V/15amp Non GFCI plug & play (Recommended Dedicated Outlet),Natural Reforested Canadian Hemlock wood construction,"39"" x 36"" x 73""",,1699,3499,https://saunacosts.com/items/dynamic-saunas-dynamic-avila-1-2-person-low-emf-far-ir-sauna-dyn-6103-01/
Dynamic Saunas,"Dynamic Saunas Dynamic ""Avila"" 1-2 Person Ultra Low EMF FAR IR Sauna (DYN-6103-01 Elite)",infrared,indoor,1,,120V/15amp Non GFCI plug & play (Recommended Dedicated Outlet),Natural Reforested Canadian Hemlock wood construction,"39"" x 36"" x 73""",,1899,3999,https://saunacosts.com/items/dynamic-saunas-dynamic-avila-1-2-person-ultra-low-emf-far-ir-sauna-dyn-6103-01-e/
Dynamic Saunas,"Dynamic Saunas Dynamic ""Barcelona"" 1-2 Person Low EMF Far IR Sauna (DYN-6106-01)",infrared,indoor,1,,120V/15amp Non GFCI plug & play (Recommended Dedicated Outlet),Natural Reforested Canadian Hemlock wood construction,"39"" x 36"" x 73"" (roof overhang: adds 2"" to depth)",,1899,3499,https://saunacosts.com/items/dynamic-saunas-dynamic-barcelona-1-2-person-low-emf-far-ir-sauna-dyn-6106-01/
Dynamic Saunas,"Dynamic Saunas Dynamic ""Barcelona Elite"" 1-2 Person Ultra Low EMF Far IR Sauna (DYN-6106-01 Elite)",infrared,indoor,1,,120V/15amp Non GFCI plug & play (Recommended Dedicated Outlet),Natural Reforested Canadian Hemlock wood construction,"39"" x 36"" x 73"" (roof overhang: adds 2"" to depth)",,1899,3999,https://saunacosts.com/items/dynamic-saunas-dynamic-barcelona-elite-1-2-person-ultra-low-emf-far-ir-sauna-dyn/
Dynamic Saunas,"Dynamic Saunas Dynamic ""Bellagio"" 3 Person Low EMF Far IR Sauna (DYN-6306-02)",infrared,indoor,3,,Special Electrical 120 V/20 AMP Non GFCI Dedicated Receptacle and breaker (Not 220/240 V) (Please consult a certified electrician.),Natural Reforested Canadian Hemlock wood construction,60″ x 44″ x 75″ (roof overhang: adds 4.4″ to depth),,2699,5999,https://saunacosts.com/items/dynamic-saunas-dynamic-bellagio-3-person-low-emf-far-ir-sauna-dyn-6306-02/
Dynamic Saunas,"Dynamic Saunas Dynamic ""Bergamo"" 4 Person Low EMF Far IR Sauna (DYN-6440-01)",infrared,indoor,4,,Special Electrical 120 V/20 AMP Non GFCI Dedicated Receptacle and breaker (Not 220/240 V) (Please consult a certified electrician.),Natural Reforested Canadian Hemlock wood construction,"70"" x 42"" x 75"" (roof overhang: adds 4.3"" to depth)",,3299,6999,https://saunacosts.com/items/dynamic-saunas-dynamic-bergamo-4-person-low-emf-far-ir-sauna-dyn-6440-01/
Dynamic Saunas,"Dynamic Saunas Dynamic ""Bergamo"" 4 Person Ultra Low EMF Far IR Sauna (DYN-6440-01 Elite)",infrared,indoor,4,,Special Electrical 120 V/20 AMP Non GFCI Dedicated Receptacle and breaker (Not 220/240 V) (Please consult a certified electrician.),Natural Reforested Canadian Hemlock wood construction,"70"" x 42"" x 75"" (roof overhang: adds 4.3"" to depth)",,4099,7999,https://saunacosts.com/items/dynamic-saunas-dynamic-bergamo-4-person-ultra-low-emf-far-ir-sauna-dyn-6440-01-e/
Dynamic Saunas,"Dynamic Saunas Dynamic ""Cordoba"" 2 Person Full Spectrum IR Sauna (DYN-6203-02 FS)",infrared,indoor,2,,120V/15amp Non GFCI plug & play (Recommended Dedicated Outlet),Natural Reforested Canadian Hemlock wood construction,46″ x 41″ x 75″,,2499,5999,https://saunacosts.com/items/dynamic-saunas-dynamic-cordoba-2-person-full-spectrum-ir-sauna-dyn-6203-02-fs/
Dynamic Saunas,"Dynamic Saunas Dynamic ""Cordoba"" 2 Person Low EMF - FAR Infrared Sauna (DYN-6203-01)",infrared,indoor,2,,120V/15amp Non GFCI plug & play (Recommended Dedicated Outlet),Natural Reforested Canadian Hemlock wood construction,46″ x 41″ x 75″,,2099,3999,https://saunacosts.com/items/dynamic-saunas-dynamic-cordoba-2-person-low-emf-far-infrared-sauna-dyn-6203-01/
Dynamic Saunas,"Dynamic Saunas Dynamic ""Cordoba"" 2 Person Ultra Low EMF FAR IR Sauna (DYN-6203-01 Elite)",infrared,indoor,2,,120V/15amp Non GFCI plug & play (Recommended Dedicated Outlet),Natural Reforested Canadian Hemlock wood construction,46″ x 41″ x 75″,,2299,4999,https://saunacosts.com/items/dynamic-saunas-dynamic-cordoba-2-person-ultra-low-emf-far-ir-sauna-dyn-6203-01-e/
Dynamic Saunas,Dynamic Saunas Dynamic Gracia 1-2-Person Full Spectrum Near Zero EMF FAR IR Sauna (DYN-6119-03 FS),infrared,indoor,1,,120V/15amp Non GFCI plug & play (Recommended Dedicated Outlet),Natural Reforested Canadian Hemlock wood construction,39″ x 36″ x 75″,,2499,4999,https://saunacosts.com/items/dynamic-saunas-dynamic-gracia-1-2-person-full-spectrum-near-zero-emf-far-ir-saun/
Dynamic Saunas,"Dynamic Saunas Dynamic ""Gracia"" 1-2 Person Low EMF FAR IR Sauna (DYN-6119-01)",infrared,indoor,1,,120V/15amp Non GFCI plug & play (Recommended Dedicated Outlet),Natural Reforested Canadian Hemlock wood construction,39″ x 36″ x 75″,,1899,3499,https://saunacosts.com/items/dynamic-saunas-dynamic-gracia-1-2-person-low-emf-far-ir-sauna-dyn-6119-01/
Dynamic Saunas,"Dynamic Saunas Dynamic ""Gracia"" 1-2 Person Ultra Low EMF FAR IR Sauna (DYN-6119-01 Elite)",infrared,indoor,1,,120V/15amp Non GFCI plug & play (Recommended Dedicated Outlet),Natural Reforested Canadian Hemlock wood construction,39″ x 36″ x 75″,,2199,3999,https://saunacosts.com/items/dynamic-saunas-dynamic-gracia-1-2-person-ultra-low-emf-far-ir-sauna-dyn-6119-01-/
Dynamic Saunas,"Dynamic Saunas Dynamic ""Heming"" 2 Person Low EMF Far IR Sauna (DYN-6225-02)",infrared,indoor,2,,120V/15amp Non GFCI plug & play (Recommended Dedicated Outlet),Natural Reforested Canadian Hemlock wood construction,"49"" x 48"" x 76"" (roof overhang: adds 2"" to depth)",,2499,4999,https://saunacosts.com/items/dynamic-saunas-dynamic-heming-2-person-low-emf-far-ir-sauna-dyn-6225-02/
Dynamic Saunas,"Dynamic Saunas Dynamic ""Heming"" 2 Person Ultra Low EMF Far IR Sauna (DYN-6225-02 Elite)",infrared,indoor,,,120V/15amp Non GFCI plug & play (Recommended Dedicated Outlet),Natural Reforested Canadian Hemlock wood construction,"49"" x 48"" x 76"" (roof overhang: adds 2"" to depth)",,2699,5999,https://saunacosts.com/items/dynamic-saunas-dynamic-heming-2-person-ultra-low-emf-far-ir-sauna-dyn-6225-02-el/
Dynamic Saunas,"Dynamic Saunas Dynamic ""Llumeneres"" 2 Person Full Spectrum Nero Zero EMF FAR IR Sauna (DYN-6215-03 FS)",infrared,indoor,2,,120V/15amp plug & play,Natural Canadian Reforested Hemlock wood construction,"48"" x 42"" x 75""",,3699,7999,https://saunacosts.com/items/dynamic-saunas-dynamic-llumeneres-2-person-full-spectrum-nero-zero-emf-far-ir-sa/
Dynamic Saunas,"Dynamic Saunas Dynamic ""Lucca"" 2 Person Low EMF FAR IR Sauna (DYN-6215-05)",infrared,indoor,2,,120V/15amp plug & play,Natural Canadian Reforested Hemlock wood construction,"48"" x 42"" x 75""",,2699,5999,https://saunacosts.com/items/dynamic-saunas-dynamic-lucca-2-person-low-emf-far-ir-sauna-dyn-6215-05/
Dynamic Saunas,"Dynamic Saunas Dynamic ""Lucca"" 2 Person Ultra Low EMF FAR IR Sauna (DYN-6215-05 Elite)",infrared,indoor,2,,120V/15amp plug & play,Natural Canadian Reforested Hemlock wood construction,"48"" x 42"" x 75""",,3299,6999,https://saunacosts.com/items/dynamic-saunas-dynamic-lucca-2-person-ultra-low-emf-far-ir-sauna-dyn-6215-05-eli/
Dynamic Saunas,"Dynamic Saunas Dynamic ""Lugano"" 3 Person Full Spectrum IR Sauna (DYN-6336-03 FS)",infrared,indoor,3,,Special Electrical 120 V/20 AMP Non GFCI dedicated receptacle and breaker (Not 220/240 V) (Please consult a certified electrician.),Natural Reforested Canadian Hemlock wood construction,"60"" x 45"" x 75"" (roof overhang: adds 4.3"" to depth)",,3899,7999,https://saunacosts.com/items/dynamic-saunas-dynamic-lugano-3-person-full-spectrum-ir-sauna-dyn-6336-03-fs/
Dynamic Saunas,"Dynamic Saunas Dynamic ""Lugano"" 3 Person Low EMF Far IR Sauna (DYN-6336-02)",infrared,indoor,3,,Special Electrical 120 V/20 AMP Non GFCI Dedicated Receptacle and breaker (Not 220/240 V) (Please consult a certified electrician.),Natural Reforested Canadian Hemlock wood construction,"60"" x 45"" x 75"" (roof overhang: adds 4.3"" to depth)",,2699,5999,https://saunacosts.com/items/dynamic-saunas-dynamic-lugano-3-person-low-emf-far-ir-sauna-dyn-6336-02/
Dynamic Saunas,"Dynamic Saunas Dynamic ""Lugano"" 3 Person Ultra Low EMF FAR IR Sauna (DYN-6336-02 Elite)",infrared,indoor,3,,Special Electrical 120 V/20 AMP Non GFCI Dedicated Receptacle and breaker (Not 220/240 V) (Please consult a certified electrician.),Natural Reforested Canadian Hemlock wood construction,"60"" x 45"" x 75"" (roof overhang: adds 4.3"" to depth)",,2999,6999,https://saunacosts.com/items/dynamic-saunas-dynamic-lugano-3-person-ultra-low-emf-far-ir-sauna-dyn-6336-02-el/
Dynamic Saunas,"Dynamic Saunas Dynamic ""Madrid Limited Elite"" 3 Person Ultra Low EMF FAR IR Sauna (DYN-6310-04 Elite)",infrared,indoor,3,,120V/20amp (consult a certified electrician),Natural hemlock wood construction,"61"" x 42"" x 74"" (roof overhang: adds 4.1"" to depth)",,3699,7999,https://saunacosts.com/items/dynamic-saunas-dynamic-madrid-limited-elite-3-person-ultra-low-emf-far-ir-sauna-/
Dynamic Saunas,Dynamic Saunas Dynamic Martin 1-2 Person Full Spectrum Near Zero EMF FAR IR Sauna (DYN-6006-03 FS),infrared,indoor,1,,120V/15amp Non GFCI plug & play (Recommended Dedicated Outlet),Natural Reforested Canadian Hemlock wood construction,39″ x 36″ x 73″,,1999,3999,https://saunacosts.com/items/dynamic-saunas-dynamic-martin-1-2-person-full-spectrum-near-zero-emf-far-ir-saun/
Dynamic Saunas,"Dynamic Saunas Dynamic ""Monaco"" 6 Person Ultra Low EMF Far IR Sauna (DYN-6996-01 Elite)",infrared,indoor,6,,"Special Electrical 2 separate dedicated 20 amp 120 volt outlets, two separate 20 amp breakers required Non GFCI dedicated receptacle and breaker. (Not 220/240 V) (Please consult a certified electrician.)",Natural Reforested Canadian Hemlock wood construction,"73″ x 61″ x 79″ (roof overhang: adds 6"" to depth)",,6499,8999,https://saunacosts.com/items/dynamic-saunas-dynamic-monaco-6-person-ultra-low-emf-far-ir-sauna-dyn-6996-01-el/
Dynamic Saunas,"Dynamic Saunas Dynamic ""San Marino"" 2 Person Low EMF - Far Infrared Sauna (DYN-6206-01)",infrared,indoor,2,,120V/15amp Non GFCI plug & play (Recommended Dedicated Outlet),Natural Reforested Canadian Hemlock wood construction,"47"" x 42"" x 75"" (roof overhang: adds 2"" to depth)",,1899,3999,https://saunacosts.com/items/dynamic-saunas-dynamic-san-marino-2-person-low-emf-far-infrared-sauna-dyn-6206-0/
Dynamic Saunas,"Dynamic Saunas Dynamic ""San Marino Elite"" 2 Person Ultra Low EMF Far IR Sauna (DYN-6206-01 Elite)",infrared,indoor,2,,120V/15amp Non GFCI plug & play (Recommended Dedicated Outlet),Natural Reforested Canadian Hemlock wood construction,"47"" x 42"" x 75"" (roof overhang: adds 2"" to depth)",,1999,4999,https://saunacosts.com/items/dynamic-saunas-dynamic-san-marino-elite-2-person-ultra-low-emf-far-ir-sauna-dyn-/
Dynamic Saunas,"Dynamic Saunas Dynamic ""Santiago"" 2 Person Full Spectrum IR Sauna (DYN-6209-03 FS)",infrared,indoor,2,,120V/15amp Non GFCI plug & play (Recommended Dedicated Outlet),Natural Reforested Canadian Hemlock wood construction,46″ x 40″ x 75″,,3299,5999,https://saunacosts.com/items/dynamic-saunas-dynamic-santiago-2-person-full-spectrum-ir-sauna-dyn-6209-03-fs/
Dynamic Saunas,"Dynamic Saunas Dynamic ""Santiago"" 2 Person Low EMF FAR IR Sauna (DYN-6209-01)",infrared,indoor,2,,120V/15amp Non GFCI plug & play (Recommended Dedicated Outlet),Natural Reforested Canadian Hemlock wood construction,46″ x 40″ x 75″,,2099,3999,https://saunacosts.com/items/dynamic-saunas-dynamic-santiago-2-person-low-emf-far-ir-sauna-dyn-6209-01/
Dynamic Saunas,"Dynamic Saunas Dynamic ""Santiago"" 2 Person Ultra Low EMF FAR IR Sauna (DYN-6209-02 Elite)",infrared,indoor,2,,120V/15amp Non GFCI plug & play (Recommended Dedicated Outlet),Natural Reforested Canadian Hemlock wood construction,46″ x 40″ x 75″,,2299,4999,https://saunacosts.com/items/dynamic-saunas-dynamic-santiago-2-person-ultra-low-emf-far-ir-sauna-dyn-6209-02-/
Dynamic Saunas,Dynamic Saunas Dynamic Santorini 1-2 Person Full Spectrum Near Zero EMF FAR IR Sauna (DYN-6009-03 FS),infrared,indoor,1,,120V/15amp Non GFCI plug & play (Recommended Dedicated Outlet),Natural Reforested Canadian Hemlock wood construction,39″ x 36″ x 73″,,2299,3999,https://saunacosts.com/items/dynamic-saunas-dynamic-santorini-1-2-person-full-spectrum-near-zero-emf-far-ir-s/
Dynamic Saunas,"Dynamic Saunas Dynamic ""Serena"" 2 Person Full Spectrum Infrared Sauna (DYN-6229-03 FS)",infrared,indoor,2,,120V/15amp Non GFCI plug & play (Recommended Dedicated Outlet),Natural Reforested Canadian Hemlock wood construction,46″ x 40″ x 75″,,3299,3399,https://saunacosts.com/items/dynamic-saunas-dynamic-serena-2-person-full-spectrum-infrared-sauna-dyn-6229-03-/
Dynamic Saunas,"Dynamic Saunas Dynamic ""Serena"" 2 Person Low EMF FAR IR Sauna (DYN-6229-01)",infrared,indoor,2,,120V/15amp Non GFCI plug & play (Recommended Dedicated Outlet),Natural Reforested Canadian Hemlock wood construction,46″ x 40″ x 75″,,2099,3999,https://saunacosts.com/items/dynamic-saunas-dynamic-serena-2-person-low-emf-far-ir-sauna-dyn-6229-01/
Dynamic Saunas,"Dynamic Saunas Dynamic ""Serena"" 2 Person Ultra Low EMF FAR IR Sauna (DYN-6229-01 Elite)",infrared,indoor,2,,120V/15amp Non GFCI plug & play (Recommended Dedicated Outlet),Natural Reforested Canadian Hemlock wood construction,46″ x 40″ x 75″,,2299,4999,https://saunacosts.com/items/dynamic-saunas-dynamic-serena-2-person-ultra-low-emf-far-ir-sauna-dyn-6229-01-el/
Dynamic Saunas,"Dynamic Saunas Dynamic ""Toscana"" 3 Person Low EMF FAR IR Sauna (DYN-6315-05)",infrared,indoor,3,,110V/20amp dedicated receptacle (consult a certified electrician),Natural Canadian Reforested Hemlock wood construction,"60"" x 42"" x 75""",,2999,6999,https://saunacosts.com/items/dynamic-saunas-dynamic-toscana-3-person-low-emf-far-ir-sauna-dyn-6315-05/
Dynamic Saunas,"Dynamic Saunas Dynamic ""Toscana"" 3 Person Ultra Low EMF FAR IR Sauna (DYN-6315-05 Elite)",infrared,indoor,3,,110V/20amp dedicated receptacle (consult a certified electrician),Natural Canadian Reforested Hemlock wood construction,"60"" x 42"" x 75""",,3399,7999,https://saunacosts.com/items/dynamic-saunas-dynamic-toscana-3-person-ultra-low-emf-far-ir-sauna-dyn-6315-05-e/
Dynamic Saunas,"Dynamic Saunas Dynamic ""Veneto"" 1-2 Person Low EMF FAR IR Sauna (DYN-6115-05)",infrared,indoor,1,,120V/15amp plug & play,Natural Canadian Reforested Hemlock wood construction,"39"" x 36"" x 75""",,2199,3999,https://saunacosts.com/items/dynamic-saunas-dynamic-veneto-1-2-person-low-emf-far-ir-sauna-dyn-6115-05/
Dynamic Saunas,"Dynamic Saunas Dynamic ""Veneto"" 1-2 Person Ultra Low EMF FAR IR Sauna (DYN-6115-05 Elite)",infrared,indoor,1,,120V/15amp plug & play,Natural Canadian Reforested Hemlock wood construction,"39"" x 36"" x 75""",,2399,4499,https://saunacosts.com/items/dynamic-saunas-dynamic-veneto-1-2-person-ultra-low-emf-far-ir-sauna-dyn-6115-05-/
Dynamic Saunas,"Dynamic Saunas Dynamic ""Veneto"" Black Finish 1-2 Person Low EMF FAR IR Sauna (DYN-6115-06)",infrared,indoor,1,,120V/15amp plug & play,Natural Canadian Reforested Hemlock wood construction,"39"" x 36"" x 75""",,2299,2299,https://saunacosts.com/items/dynamic-saunas-dynamic-veneto-black-finish-1-2-person-low-emf-far-ir-sauna-dyn-6/
Dynamic Saunas,"Dynamic Saunas Dynamic ""Veneto"" Black Finish 1-2 Person Ultra Low EMF FAR IR Sauna (DYN-6115-06 Elite)",infrared,indoor,1,,120V/15amp plug & play,Natural Canadian Reforested Hemlock wood construction,"39"" x 36"" x 75""",,2699,2699,https://saunacosts.com/items/dynamic-saunas-dynamic-veneto-black-finish-1-2-person-ultra-low-emf-far-ir-sauna/
Dynamic Saunas,"Dynamic Saunas Dynamic ""Venice"" 2 Person Low EMF Far IR Sauna (DYN-6210-01)",infrared,indoor,2,,120V/15amp Non GFCI plug & play (Recommended Dedicated Outlet),Natural Reforested Canadian Hemlock wood construction,"50"" x 42"" x 77"" (roof overhang: adds 4.2"" to depth)",,2399,4699,https://saunacosts.com/items/dynamic-saunas-dynamic-venice-2-person-low-emf-far-ir-sauna-dyn-6210-01/
Dynamic Saunas,"Dynamic Saunas Dynamic ""Venice"" 2 Person Ultra Low EMF - Far Infrared Sauna (DYN-6210-01 Elite)",infrared,indoor,2,,120V/15amp Non GFCI plug & play (Recommended Dedicated Outlet),Natural Reforested Canadian Hemlock wood construction,"50"" x 42"" x 77"" (roof overhang: adds 4.2"" to depth)",,2699,5999,https://saunacosts.com/items/dynamic-saunas-dynamic-venice-2-person-ultra-low-emf-far-infrared-sauna-dyn-6210/
Dynamic Saunas,"Dynamic Saunas Dynamic ""Venice Limited Elite"" 2 Person Ultra Low EMF FAR IR Sauna (DYN-6210-04 Elite)",infrared,,2,,120V/15amp,,,,3299,6999,https://saunacosts.com/items/dynamic-saunas-dynamic-venice-limited-elite-2-person-ultra-low-emf-far-ir-sauna-/
Dynamic Saunas,"Dynamic Saunas Dynamic ""Versailles"" 2 Person Low EMF Far IR Sauna (DYN-6202-03)",infrared,indoor,2,,120V/15amp Non GFCI plug & play (Recommended Dedicated Outlet),Natural Reforested Canadian Hemlock wood construction,"47"" x 42"" x 75"" (roof overhang: adds 2"" to depth)",,2099,3999,https://saunacosts.com/items/dynamic-saunas-dynamic-versailles-2-person-low-emf-far-ir-sauna-dyn-6202-03/
Dynamic Saunas,"Dynamic Saunas Dynamic ""Versailles"" 2 Person Ultra Low EMF Far IR Sauna (DYN-6202-03 Elite)",infrared,indoor,2,,120V/15amp Non GFCI plug & play (Recommended Dedicated Outlet),Natural Reforested Canadian Hemlock wood construction,"47"" x 42"" x 75"" (roof overhang: adds 2"" to depth)",,,,https://saunacosts.com/items/dynamic-saunas-dynamic-versailles-2-person-ultra-low-emf-far-ir-sauna-dyn-6202-0/
Dynamic Saunas,Dynamic Saunas Dynamic Vila Grande 4 Person Full Spectrum Nero Zero EMF FAR IR Sauna (DYN-6415-03 FS),infrared,,4,,120V/20amp plug & play,,"71"" x 42"" x 75""",,4299,8999,https://saunacosts.com/items/dynamic-saunas-dynamic-vila-grande-4-person-full-spectrum-nero-zero-emf-far-ir-s/
Dynamic Saunas,"Dynamic Saunas Dynamic ""Vittoria"" 2 Person Low EMF Far IR Sauna (DYN-6220-01)",infrared,indoor,2,,120V/15amp Non GFCI plug & play (Recommended Dedicated Outlet),Natural Reforested Canadian Hemlock wood construction,"48"" x 41"" x 75"" (roof overhang: adds 4.4"" to depth)",,2599,4999,https://saunacosts.com/items/dynamic-saunas-dynamic-vittoria-2-person-low-emf-far-ir-sauna-dyn-6220-01/
Dynamic Saunas,"Dynamic Saunas Dynamic ""Vittoria"" 2 Person Ultra Low EMF Far IR Sauna (DYN-6220-01 Elite)",infrared,indoor,2,,120V/15amp Non GFCI plug & play (Recommended Dedicated Outlet),Natural Reforested Canadian Hemlock wood construction,"48"" x 41"" x 75"" (roof overhang: adds 4.4"" to depth)",,2999,5999,https://saunacosts.com/items/dynamic-saunas-dynamic-vittoria-2-person-ultra-low-emf-far-ir-sauna-dyn-6220-01-/
Finnleo,Finnleo NorthStar NSO-46 Outdoor Sauna,traditional,outdoor,3,4.5,240V / 30A,"Nordic White Spruce, interior and exterior","72"" W x 84"" H x 48"" D; with roof at largest dimensions 88"" W x 87 7/8"" H x 72"" D",,14040,14040,https://saunacosts.com/items/finnleo-northstar-nso-46-outdoor-sauna/
Finnleo,Finnleo NorthStar NSO-56 Outdoor Sauna,traditional,outdoor,3,6,240V / 30A,"Nordic White Spruce, interior and exterior","72"" W x 84"" H x 60"" D; with roof at largest dimensions 88"" W x 87 7/8"" H x 84"" D",,,,https://saunacosts.com/items/finnleo-northstar-nso-56-outdoor-sauna/
Finnleo,Finnleo NorthStar NSO-57 Outdoor Sauna,traditional,outdoor,5,6,240V / 30A,"Nordic White Spruce, interior and exterior","84"" W x 84"" H x 60"" D; with roof at largest dimensions 100"" W x 87 7/8"" H x 84"" D",,,,https://saunacosts.com/items/finnleo-northstar-nso-57-outdoor-sauna/
Finnmark Designs,Finnmark Designs 1 Person Infrared Sauna,infrared,indoor,1,1.5,120V / 15A,Canadian Western Red Cedar interior / Thermal Plus Aspen exterior,38 x 38 x 78 in,,4695,4695,https://saunacosts.com/items/finnmark-designs-1-person-infrared-sauna/
Finnmark Designs,"Finnmark Designs FD-2 (currently marketed on-site as ""Hybrid 2.0 Full Spectrum Infrared Sauna"")",infrared,indoor,2,1.75,"120V, 1750 watts, 15 amps, plugs into a standard 120v 15a outlet, NEMA 5-15P","Clear ""A"" grade Canadian Western Red Cedar (interior), Thermal Plus Canadian Aspen (exterior)","48"" W x 44"" D x 78"" H",,5995,5995,https://saunacosts.com/items/finnmark-designs-fd-2-currently-marketed-on-site-as-hybrid-2-0-full-spectrum-inf/
Finnmark Designs,Finnmark Designs FD-3,infrared,indoor,4,3.3,"240V, 3300 watts, 15 amps, plugs into a 240v 15a outlet, NEMA 6-15P","Clear ""A"" grade Canadian Western Red Cedar (interior), Thermal Plus Canadian Aspen (exterior)","72"" W x 46"" D x 78"" H",,6495,6495,https://saunacosts.com/items/finnmark-designs-fd-3/
Finnmark Designs,"Finnmark Designs FD-5 (""Trinity™ XL"")",hybrid,indoor,4,,"Infrared: 240V, 15A, NEMA 6-15P; Harvia KIP45B traditional heater: 240V, 20A (""Electrician Required"")","Clear ""A"" grade Canadian Western Red Cedar (interior), Thermal Plus Canadian Aspen (exterior)","75"" W x 64"" D x 84"" H",,8995,8995,https://saunacosts.com/items/finnmark-designs-fd-5-trinity-xl/
Finnmark Designs,Finnmark Designs Trinity Combination Outdoor Sauna,hybrid,outdoor,2,1.9,"Harvia Vega Compact 1900 traditional heater: 120V, 1.9 kW, 20 amps; infrared panels: 120V, 1750 watts, 15 amps, NEMA 5-15P",Canadian Red Cedar interior / Thermal Plus Aspen exterior,48 x 48 x 83 in,,7795,7795,https://saunacosts.com/items/finnmark-designs-trinity-combination-outdoor-sauna/
Golden Designs,"Golden Designs 2025 Golden Designs ""Catalonia"" 8 Person Near Zero EMF FAR IR Sauna (GDI-6880-02 Elite)",infrared,indoor,8,,240V / 30AMP (Please consult a certified electrician.),Natural Reforested Canadian Hemlock wood construction,87″ x 75″ x 87″,,8999,14999,https://saunacosts.com/items/golden-designs-2025-golden-designs-catalonia-8-person-near-zero-emf-far-ir-sauna/
Golden Designs,"Golden Designs 2025 Golden Designs ""Reserve Edition"" 1 Person Full Spectrum with Himalayan Salt Bar (GDI-8010-03)",infrared,indoor,1,,120 V/15 AMP Non GFCI plug & play (Recommended Dedicated Outlet),Natural Reforested Canadian Hemlock Wood Construction,41″ x 37″ x 75″ (roof overhang: adds 5″ to depth),,3999,4999,https://saunacosts.com/items/golden-designs-2025-golden-designs-reserve-edition-1-person-full-spectrum-with-h/
Golden Designs,"Golden Designs 2025 Golden Designs ""Reserve Edition"" 2 Person Full Spectrum with Himalayan Salt Bar (GDI-8020-03)",infrared,indoor,2,,120 V/15 AMP Non GFCI plug & play (Recommended Dedicated Outlet),Natural Reforested Canadian Hemlock Wood Construction,47″ x 41″ x 75″ (roof overhang: adds 5″ to depth),,4499,5999,https://saunacosts.com/items/golden-designs-2025-golden-designs-reserve-edition-2-person-full-spectrum-with-h/
Golden Designs,"Golden Designs 2025 Golden Designs ""Reserve Edition"" 3 Person Full Spectrum with Himalayan Salt Bar (GDI-8030-03)",infrared,indoor,3,,Special Electrical 120 V/20 AMP Non GFCI dedicated receptable and breaker (Not 220/240 V) (Please consult a certified electrician.),Natural Reforested Canadian Hemlock Wood Construction,61″ x 41″ x 75″ (roof overhang: adds 5″ to depth),,4999,6999,https://saunacosts.com/items/golden-designs-2025-golden-designs-reserve-edition-3-person-full-spectrum-with-h/
Golden Designs,"Golden Designs 2025 Golden Designs ""Reserve Edition"" 4 Person Full Spectrum with Himalayan Salt Bar (GDI-8040-03)",infrared,indoor,4,,Dual x 120v/15 AMP Non GFCI (Recommend Dedicated Outlet) (Please consult a certified electrician.),Natural Reforested Canadian Hemlock Wood Construction,70″ x 41″ x 75″ (roof overhang: adds 5″ to depth),,5499,7999,https://saunacosts.com/items/golden-designs-2025-golden-designs-reserve-edition-4-person-full-spectrum-with-h/
Golden Designs,"Golden Designs 2025 Golden Designs Updated ""Osla"" 6 Person Traditional Sauna (GDI-7689-02)",traditional,indoor or outdoor,6,8,240V / 40AMP (Stove) and 120V / 15AMP (Control for Lights and Music) (Please consult a certified electrician.),Canadian Red Cedar Interior Wood and Pacific Premium Clear Cedar with Clear Stain on Exterior,"79"" x 72"" x 83""",,8499,9999,https://saunacosts.com/items/golden-designs-2025-golden-designs-updated-osla-6-person-traditional-sauna-gdi-7/
Golden Designs,Golden Designs 6 Person Near Zero EMF Far IR Sauna (GDI-6996-02 Elite),infrared,indoor,6,,"Special Electrical 2 separate dedicated 20 amp 120 volt outlets, two separate 20 amp breakers required. Non GFCI dedicated receptacle and breaker. (Not 220/240 V) (Please consult a certified electrician.)",Natural Reforested Canadian Hemlock wood construction,"73″ x 61″ x 75″ (roof overhang: adds 6"" to depth)",,6999,7099,https://saunacosts.com/items/golden-designs-6-person-near-zero-emf-far-ir-sauna-gdi-6996-02-elite/
Golden Designs,Golden Designs 8-Person Full Spectrum Sauna (GDI-6880-03 FS),infrared,indoor,8,,240V/30AMP,Canadian Hemlock,86.6 x 74.8 x 86.6 in,,9999,16999,https://saunacosts.com/items/golden-designs-8-person-full-spectrum-sauna-gdi-6880-03-fs/
Golden Designs,"Golden Designs ""Andermatt"" 3 Person Traditional Sauna (GDI-7030-01)",traditional,indoor,3,6,240V / 30A,Cedar,61 x 50 x 75 in,,4499,8499,https://saunacosts.com/items/golden-designs-andermatt-3-person-traditional-sauna-gdi-7030-01/
Golden Designs,Golden Designs Arlberg 3-Person Traditional Flat Roof Sauna (GDI-8003-01),traditional,outdoor,3,8,240V/40AMP,Canadian Hemlock,66 x 60 x 87 in,,5999,6999,https://saunacosts.com/items/golden-designs-arlberg-3-person-traditional-flat-roof-sauna-gdi-8003-01/
Golden Designs,"Golden Designs ""Arlberg"" 3 Person Traditional Outdoor Sauna (GDI-8103-01)",traditional,outdoor,3,8,240V / 40A,Canadian Hemlock,84.1 x 73.6 x 97.4 in,,5999,6999,https://saunacosts.com/items/golden-designs-arlberg-3-person-traditional-outdoor-sauna-gdi-8103-01/
Golden Designs,"Golden Designs ""Arosa"" 4 Person Barrel Traditional Sauna (GDI-B004-01)",traditional,outdoor,4,6,240V / 30A,Cedar,84 x 73 x 84 in,,5999,7999,https://saunacosts.com/items/golden-designs-arosa-4-person-barrel-traditional-sauna-gdi-b004-01/
Golden Designs,"Golden Designs ""Bergen"" 6 Person Outdoor-Indoor Traditional Sauna (GDI-8206-01)",traditional,indoor or outdoor,6,8,,Red Cedar,79.2 x 84.7 x 88.3 in,,15999,18999,https://saunacosts.com/items/golden-designs-bergen-6-person-outdoor-indoor-traditional-sauna-gdi-8206-01/
Golden Designs,Golden Designs Carinthia 3-Person Hybrid Flat Roof Sauna (GDI-8023-01),hybrid,outdoor,3,8,240V/40AMP,Canadian Hemlock,66 x 60 x 87 in,,7999,8099,https://saunacosts.com/items/golden-designs-carinthia-3-person-hybrid-flat-roof-sauna-gdi-8023-01/
Golden Designs,"Golden Designs ""Carinthia"" 3 Person Hybrid (PureTech Full Spectrum IR or Traditional Stove) Outdoor Sauna (GDI-8123-01)",hybrid,outdoor,3,8,240V / 40A,Canadian Hemlock,84.1 x 73.6 x 97.4 in,,6999,8999,https://saunacosts.com/items/golden-designs-carinthia-3-person-hybrid-puretech-full-spectrum-ir-or-traditiona/
Golden Designs,"Golden Designs ""Drammen"" 3 Person Outdoor-Indoor Traditional Sauna (GDI-8203-01)",traditional,indoor or outdoor,3,8,240V / 40A,Red Cedar,79.2 x 71 x 88.3 in,,13999,16999,https://saunacosts.com/items/golden-designs-drammen-3-person-outdoor-indoor-traditional-sauna-gdi-8203-01/
Golden Designs,"Golden Designs ""Engelberg"" 6 Person Traditional Sauna (GDI-7060-01)",traditional,indoor,6,8,240V / 40A,Cedar,61 x 70 x 75 in,,4222,9499,https://saunacosts.com/items/golden-designs-engelberg-6-person-traditional-sauna-gdi-7060-01/
Golden Designs,"Golden Designs ""Forssa"" 3-4 Person Traditional Sauna (GDI-7203-01)",traditional,indoor,4,8,240V / 40A,Canadian Hemlock,75 x 48 x 78 in,,6999,8999,https://saunacosts.com/items/golden-designs-forssa-3-4-person-traditional-sauna-gdi-7203-01/
Golden Designs,Golden Designs Gargellen 5-Person Hybrid Flat Roof Sauna (GDI-8025-01),hybrid,outdoor,5,8,240V/40AMP,Canadian Hemlock,81 x 60 x 87 in,,8999,9099,https://saunacosts.com/items/golden-designs-gargellen-5-person-hybrid-flat-roof-sauna-gdi-8025-01/
Golden Designs,"Golden Designs ""Gargellen"" 5 Person Hybrid (PureTech Full Spectrum IR or Traditional Stove) Outdoor Sauna (GDI-8125-01)",hybrid,outdoor,5,8,240V / 40A,Canadian Hemlock,98.9 x 72.6 x 97.4 in,,7999,9999,https://saunacosts.com/items/golden-designs-gargellen-5-person-hybrid-puretech-full-spectrum-ir-or-traditiona/
Golden Designs,"Golden Designs ""Hanko"" 2-3 Person Traditional Sauna (GDI-7202-01)",traditional,indoor,3,6,240V / 30A,Canadian Hemlock,64 x 48 x 78 in,,5999,7999,https://saunacosts.com/items/golden-designs-hanko-2-3-person-traditional-sauna-gdi-7202-01/
Golden Designs,"Golden Designs ""Kaarina"" 6 Person Barn Outdoor Traditional Sauna (GDI-8506-01)",traditional,outdoor,6,8,240V / 40A,Red Cedar,69 x 84 x 95 in,,9704,18999,https://saunacosts.com/items/golden-designs-kaarina-6-person-barn-outdoor-traditional-sauna-gdi-8506-01/
Golden Designs,"Golden Designs ""Karlstad"" 6 Person Outdoor-Indoor PureTech Hybrid Full Spectrum Sauna (GDI-8226-01)",hybrid,indoor or outdoor,6,8,240V / 40A,Red Cedar,79.2 x 84.7 x 88.3 in,,18999,24999,https://saunacosts.com/items/golden-designs-karlstad-6-person-outdoor-indoor-puretech-hybrid-full-spectrum-sa/
Golden Designs,"Golden Designs ""Kaskinen"" 6 Person Barn Hybrid (PureTech Full Spectrum IR or Traditional Stove) Outdoor Sauna (GDI-8526-01)",hybrid,outdoor,6,8,240V / 40A,Red Cedar,84 x 69 x 95 in,,7499,22999,https://saunacosts.com/items/golden-designs-kaskinen-6-person-barn-hybrid-puretech-full-spectrum-ir-or-tradit/
Golden Designs,"Golden Designs ""Kaskinen"" 6 Person Pacific Cedar Barn Hybrid (PureTech Full Spectrum IR or Traditional Stove) Outdoor Sauna (GDI-8526-02)",hybrid,outdoor,6,8,,,73 x 88 x 97 in,,11099,18999,https://saunacosts.com/items/golden-designs-kaskinen-6-person-pacific-cedar-barn-hybrid-puretech-full-spectru/
Golden Designs,"Golden Designs ""Klosters"" 6 Person Barrel Traditional Sauna (GDI-B006-01)",traditional,outdoor,6,8,240V / 40A,Cedar,84 x 91 x 84 in,,6999,8999,https://saunacosts.com/items/golden-designs-klosters-6-person-barrel-traditional-sauna-gdi-b006-01/
Golden Designs,"Golden Designs ""Kuusamo"" 6 Person Traditional Sauna (GDI-7206-01)",traditional,indoor,6,8,240V / 40A,Canadian Hemlock,77 x 67 x 82 in,,8499,9999,https://saunacosts.com/items/golden-designs-kuusamo-6-person-traditional-sauna-gdi-7206-01/
Golden Designs,"Golden Designs ""Loviisa"" 3 Person 2 Tone Barn Hybrid (PureTech Full Spectrum IR or Traditional Stove) Outdoor Sauna (GDI-8523-03)",hybrid,outdoor,3,8,240V / 40AMP (Stove & Full Spectrum),,72.44 x 71.73 x 86.15 in,,18999,18999,https://saunacosts.com/items/golden-designs-loviisa-3-person-2-tone-barn-hybrid-puretech-full-spectrum-ir-or-/
Golden Designs,"Golden Designs ""Loviisa"" 3 Person Barn Hybrid (PureTech Full Spectrum IR or Traditional Stove) Outdoor Sauna (GDI-8523-01)",hybrid,outdoor,3,8,240V / 40A,Red Cedar,68 x 69 x 89 in,,9099,20999,https://saunacosts.com/items/golden-designs-loviisa-3-person-barn-hybrid-puretech-full-spectrum-ir-or-traditi/
Golden Designs,Golden Designs Loviisa 3-Person Black Barn Hybrid Sauna (GDI-8523-04),hybrid,outdoor,3,8,240V/40AMP,Canadian Red Cedar,73 x 72 x 91 in,,18999,18999,https://saunacosts.com/items/golden-designs-loviisa-3-person-black-barn-hybrid-sauna-gdi-8523-04/
Golden Designs,"Golden Designs ""Loviisa"" 3 Person Pacific Cedar Barn Hybrid (PureTech Full Spectrum IR or Traditional Stove) Outdoor Sauna (GDI-8523-02)",hybrid,outdoor,3,8,240V / 40AMP (Stove & Full Spectrum),,72.44 x 71.73 x 86.15 in,,16999,16999,https://saunacosts.com/items/golden-designs-loviisa-3-person-pacific-cedar-barn-hybrid-puretech-full-spectrum/
Golden Designs,"Golden Designs ""Monaco"" Near Zero EMF Far IR Sauna (GDI-6996-01 Elite)",infrared,indoor,6,,"Special Electrical 2 separate dedicated 20 amp 120 volt outlets, two separate 20 amp breakers required. Non GFCI dedicated receptacle and breaker. (Not 220/240 V) (Please consult a certified electrician.)",Natural Reforested Canadian Hemlock wood construction,"73″ x 61″ x 79″ (roof overhang: adds 6"" to depth)",,6499,8999,https://saunacosts.com/items/golden-designs-monaco-near-zero-emf-far-ir-sauna-gdi-6996-01-elite/
Golden Designs,"Golden Designs ""Narvik"" 2 Person Outdoor-Indoor Traditional Sauna (GDI-8202-01)",traditional,indoor or outdoor,2,6,240V / 30A,Red Cedar,59.5 x 71 x 88.3 in,,11999,14999,https://saunacosts.com/items/golden-designs-narvik-2-person-outdoor-indoor-traditional-sauna-gdi-8202-01/
Golden Designs,"Golden Designs ""Nora"" 2 Person Outdoor-Indoor PureTech Hybrid Full Spectrum Sauna (GDI-8222-01)",hybrid,indoor or outdoor,2,6,240V / 30A,Red Cedar,59.5 x 71 x 88.3 in,,14999,18999,https://saunacosts.com/items/golden-designs-nora-2-person-outdoor-indoor-puretech-hybrid-full-spectrum-sauna-/
Golden Designs,"Golden Designs ""Reserve Edition"" 3 Person Near Zero EMF Full Spectrum with Himalayan Salt Bar (GDI-8230-01)",infrared,indoor,3,,Dual x 120v/15 AMP Non GFCI (Recommend Dedicated Outlet) (Please consult a certified electrician.),Natural Reforested Canadian Hemlock Wood Construction,58″ x 50″ x 74″ (roof overhang: adds 4.5″ to depth),,4999,5599,https://saunacosts.com/items/golden-designs-reserve-edition-3-person-near-zero-emf-full-spectrum-with-himalay/
Golden Designs,"Golden Designs ""Reserve Edition"" 6 Person Near Zero EMF Full Spectrum with Himalayan Salt Bar (GDI-8260-01)",infrared,indoor,6,,Dual x 120v/15 AMP Non GFCI (Recommend Dedicated Outlet) (Please consult a certified electrician.),Natural Reforested Canadian Hemlock Wood Construction,73″ x 55″ x 74″ (roof overhang: adds 4.5″ to depth),,7499,7599,https://saunacosts.com/items/golden-designs-reserve-edition-6-person-near-zero-emf-full-spectrum-with-himalay/
Golden Designs,"Golden Designs ""Savonlinna"" 3 Person Barn Outdoor Traditional Sauna (GDI-8503-01)",traditional,outdoor,3,8,240V / 40AMP (Stove) and 120V / 15AMP (Control for Lights and Music) (Please consult a certified electrician.),All Weather Exterior with all Natural Canadian Red Cedar Interior,"69"" x 68"" x 89"" (roof overhang: adds 4"" to depth)",,8399,16999,https://saunacosts.com/items/golden-designs-savonlinna-3-person-barn-outdoor-traditional-sauna-gdi-8503-01/
Golden Designs,"Golden Designs ""Soria"" 3 Person Hybrid Sauna (Indoor) Full Spectrum and Harvia Traditional Stove (GDI-8330-01)",hybrid,indoor,3,6,240V / 30A,Canadian Hemlock,65 x 57 x 80 in,,7999,8099,https://saunacosts.com/items/golden-designs-soria-3-person-hybrid-sauna-indoor-full-spectrum-and-harvia-tradi/
Golden Designs,"Golden Designs ""St. Moritz"" 2 Person Barrel Traditional Sauna (GDI-B002-01)",traditional,outdoor,2,6,240V / 30A,Cedar,84 x 60 x 84 in,,4999,6999,https://saunacosts.com/items/golden-designs-st-moritz-2-person-barrel-traditional-sauna-gdi-b002-01/
Golden Designs,"Golden Designs ""Toledo"" 6 Person Hybrid Sauna (Indoor) Full Spectrum and Harvia Traditional Stove (GDI-8360-01)",hybrid,indoor,6,8,240V / 40 A,Canadian Hemlock,83 x 80 x 80 in,,6999,10099,https://saunacosts.com/items/golden-designs-toledo-6-person-hybrid-sauna-indoor-full-spectrum-and-harvia-trad/
Golden Designs,"Golden Designs ""Torino"" Low EMF Far IR Sauna (GDI-3356-01) (Canada Only)",infrared,,3,,120V/20amp (consult a certified electrician),,"53.2"" x 53.2"" x 77"" (roof overhang: adds 3.6"" to depth)",,4499,4499,https://saunacosts.com/items/golden-designs-torino-low-emf-far-ir-sauna-gdi-3356-01-canada-only/
Golden Designs,"Golden Designs Updated ""Copenhagen"" 3 Person Traditional Sauna (GDI-7389-02)",traditional,indoor,3,8,240V / 40A,Red Cedar,79 x 59 x 83 in,,6999,8999,https://saunacosts.com/items/golden-designs-updated-copenhagen-3-person-traditional-sauna-gdi-7389-02/
Golden Designs,"Golden Designs Updated ""Osla"" 6 Person Traditional Sauna (GDI-7689-02)",traditional,indoor,6,8,240V / 40A,Red Cedar,79 x 72 x 83 in,,8499,8599,https://saunacosts.com/items/golden-designs-updated-osla-6-person-traditional-sauna-gdi-7689-02/
Golden Designs,"Golden Designs Updated ""Sundsvall"" 2 Person Traditional Sauna (GDI-7289-02)",traditional,indoor,2,6,240V / 30A,Red Cedar,60 x 46 x 83 in,,5999,6099,https://saunacosts.com/items/golden-designs-updated-sundsvall-2-person-traditional-sauna-gdi-7289-02/
Golden Designs,"Golden Designs ""Visby"" 3 Person Outdoor-Indoor PureTech Hybrid Full Spectrum Sauna (GDI-8223-01)",hybrid,indoor or outdoor,3,8,240V / 40A,Red Cedar,79.2 x 71 x 88.3 in,,16999,22999,https://saunacosts.com/items/golden-designs-visby-3-person-outdoor-indoor-puretech-hybrid-full-spectrum-sauna/
Golden Designs,Golden Designs Vorarlberg 5-Person Traditional Flat Roof Sauna (GDI-8005-01),traditional,outdoor,5,8,240V/40AMP,Canadian Hemlock,81 x 60 x 87 in,,6999,7999,https://saunacosts.com/items/golden-designs-vorarlberg-5-person-traditional-flat-roof-sauna-gdi-8005-01/
Golden Designs,"Golden Designs ""Vorarlberg"" 5 Person Traditional Outdoor Sauna (GDI-8105-01)",traditional,outdoor,5,8,240V / 40A,Canadian Hemlock,98.9 x 72.6 x 97.4 in,,6999,8999,https://saunacosts.com/items/golden-designs-vorarlberg-5-person-traditional-outdoor-sauna-gdi-8105-01/
Golden Designs,"Golden Designs ""Zurich"" 4 Person Barrel with Bronze Privacy View Traditional Sauna (GDI-B024-01)",traditional,outdoor,4,6,240V / 30A,Cedar,75 x 73 x 75 in,,6999,8999,https://saunacosts.com/items/golden-designs-zurich-4-person-barrel-with-bronze-privacy-view-traditional-sauna/
JNH Lifestyles,JNH Lifestyles Ensi+ High-Heat 170F 2-Person Far Infrared Sauna (Ultra-Low EMF),infrared,indoor,2,1.7,120V / 15A,Hemlock,47.3 x 39.5 x 75 in,,1199,1199,https://saunacosts.com/items/jnh-lifestyles-ensi-high-heat-170f-2-person-far-infrared-sauna-ultra-low-emf/
JNH Lifestyles,JNH Lifestyles Joyous 1-Person Far Infrared Sauna (Low EMF),infrared,indoor,1,1.32,120V / 15A,Hemlock,35.5 x 35.5 x 75 in,,1099,1099,https://saunacosts.com/items/jnh-lifestyles-joyous-1-person-far-infrared-sauna-low-emf/
JNH Lifestyles,JNH Lifestyles Joyous 2-Person Far Infrared Sauna (Low EMF),infrared,indoor,2,1.7,120V / 15A,Hemlock,47.3 x 39.5 x 75 in,,,,https://saunacosts.com/items/jnh-lifestyles-joyous-2-person-far-infrared-sauna-low-emf/
JNH Lifestyles,JNH Lifestyles ProSeries 200 High-Heat 170F 2-Person Full-Body 360 Indoor/Patio Far Infrared Sauna (Ultra-Low EMF),infrared,indoor or outdoor,2,1.8,120V / 20A,,47.31 x 41.7 x 75 in,,,,https://saunacosts.com/items/jnh-lifestyles-proseries-200-high-heat-170f-2-person-full-body-360-indoor-patio-/
JNH Lifestyles,JNH Lifestyles Tosi 1-Person Full Spectrum Infrared Sauna - Hemlock (Ultra-Low EMF),infrared,indoor,1,1.32,120V / 15A,Hemlock,35.5 x 35.5 x 75 in,,1799,1799,https://saunacosts.com/items/jnh-lifestyles-tosi-1-person-full-spectrum-infrared-sauna-hemlock-ultra-low-emf/
JNH Lifestyles,JNH Lifestyles Tosi 2-Person Full Spectrum Infrared Sauna - Cedar (Ultra-Low EMF),infrared,indoor,2,1.54,120V / 15A,Cedar,47.3 x 39.5 x 75 in,,,,https://saunacosts.com/items/jnh-lifestyles-tosi-2-person-full-spectrum-infrared-sauna-cedar-ultra-low-emf/
JNH Lifestyles,JNH Lifestyles Tosi 3-Person Full Spectrum Infrared Sauna - Cedar (Ultra-Low EMF),infrared,indoor,3,1.76,120V / 20A,Cedar,59.1 x 39.5 x 75 in,,2599,2599,https://saunacosts.com/items/jnh-lifestyles-tosi-3-person-full-spectrum-infrared-sauna-cedar-ultra-low-emf/
Leil,Leil Black Cube Comfort 6-Person Outdoor Sauna,traditional,outdoor,6,9,240V / 50A,"thermally treated pine (walls), thermo-alder (benches)",86 x 89 x 87 in,,9490,10680,https://saunacosts.com/items/leil-black-cube-comfort-6-person-outdoor-sauna/
Leil,Leil Black Cube Comfort Outdoor Sauna Kit,traditional,outdoor,6,,,thermally treated pine,86.2 x 89 x 86.6 in,,8505,10980,https://saunacosts.com/items/leil-black-cube-comfort-outdoor-sauna-kit/
Leil,Leil Black Cube Premium 4-Person Outdoor Sauna,traditional,outdoor,4,6,240V / 30A,"thermally treated pine (walls), thermo-alder (benches)",86 x 65 x 90 in,,7990,9180,https://saunacosts.com/items/leil-black-cube-premium-4-person-outdoor-sauna/
Leil,Leil Black Cube Premium Outdoor Sauna Kit,traditional,outdoor,4,,,thermally treated pine,86.2 x 65.4 x 86.6 in,,7990,9180,https://saunacosts.com/items/leil-black-cube-premium-outdoor-sauna-kit/
Leil,Leil Como 120,traditional,indoor,1,,,"Thermo Pine (walls), Aspen (benches)","48"" W x 51.6"" D x 81.9"" H",,,,https://saunacosts.com/items/leil-como-120/
Leil,Leil Como 150,traditional,indoor,1,,,"Thermo Pine (walls), Aspen (benches)","60.0"" W x 51.6"" D x 81.9"" H",,,,https://saunacosts.com/items/leil-como-150/
Leil,Leil Como 3-180,traditional,indoor,3,,,"Thermo Pine (walls), Aspen (benches)","71.3"" W x 51.6"" D x 81.9"" H",,8090,9280,https://saunacosts.com/items/leil-como-3-180/
Leil,Leil Como 4-180,traditional,indoor,4,,,"Thermo Pine (walls), Aspen (benches)","71.3"" W x 59.0"" D x 81.9"" H",,8790,9980,https://saunacosts.com/items/leil-como-4-180/
Leil,Leil Viva 120,traditional,outdoor,1,,,"Thermo Pine (walls), Thermo-Alder (benches)","44.9"" W x 44.9"" D x 82.7"" H",,9790,9790,https://saunacosts.com/items/leil-viva-120/
Leil,Leil Viva 180,traditional,outdoor,4,,,"Thermo Pine (walls), Thermo-Alder (benches)","71.5"" W x 70.9"" D x 92.1"" H",,,,https://saunacosts.com/items/leil-viva-180/
Leil,Leil Viva 210,traditional,outdoor,3,,,"Thermo Pine (walls), Thermo-Alder (benches)","83.3"" W x 70.9"" D x 92.1"" H",,,,https://saunacosts.com/items/leil-viva-210/
Leil,Leil Viva 250,traditional,outdoor,4,,,"Thermo Pine (walls), Thermo-Alder (benches)","97.6"" W x 70.9"" D x 99.2"" H",,,,https://saunacosts.com/items/leil-viva-250/
Maxxus,Maxxus 2 Person Full Spectrum IR Sauna (MX-M206-01-FS CED),infrared,indoor,2,1.8,120V / 15A,Canadian Red Cedar,50 x 42 x 75 in,,3699,6499,https://saunacosts.com/items/maxxus-2-person-full-spectrum-ir-sauna-mx-m206-01-fs-ced/
Maxxus,Maxxus 2 Person Near Zero EMF FAR IR Sauna (MX-K206-01-ZF HEM),infrared,indoor,2,,120V/15amp Non GFCI plug & play (Recommended Dedicated Outlet),Natural Reforested Canadian Hemlock wood construction,50″ x 42″ x 75″ (roof overhang: adds 5.9″ to depth),,3099,6499,https://saunacosts.com/items/maxxus-2-person-near-zero-emf-far-ir-sauna-mx-k206-01-zf-hem/
Maxxus,Maxxus 3 Person Corner Near Zero EMF FAR IR Sauna (MX-K356-01-ZF HEM),infrared,indoor,3,,Special Electrical 120 V/20 AMP Non GFCI dedicated receptacle and breaker (Not 220/240 V) (Please consult a certified electrician.),Natural Reforested Canadian Hemlock wood construction,"60"" x 60"" x 75"" (roof overhang: adds 9.4"" to depth)",,3899,6499,https://saunacosts.com/items/maxxus-3-person-corner-near-zero-emf-far-ir-sauna-mx-k356-01-zf-hem/
Maxxus,Maxxus 3 Person Full Spectrum IR Sauna (MX-M306-01-FS CED),infrared,indoor,3,,Special Electrical 120 V/20 AMP Non GFCI dedicated receptacle and breaker (Not 220/240 V) (Please consult a certified electrician.),Red Cedar that emits a natural aroma to enhance your sauna experience. This sauna also features are newest Full Spectrum heating technology,"64"" x 44"" x 75"" (roof overhang: adds 5.9"" to depth)",,4299,7999,https://saunacosts.com/items/maxxus-3-person-full-spectrum-ir-sauna-mx-m306-01-fs-ced/
Maxxus,Maxxus 3 Person Full Spectrum IR Sauna (MX-M356-01-FS CED),infrared,indoor,3,,Special Electrical 120 V/20 AMP Non GFCI dedicated receptacle and breaker (Not 220/240 V) (Please consult a certified electrician.),Red Cedar that emits a natural aroma to enhance your sauna experience. This sauna also features are newest Full Spectrum heating technology,"60"" x 60"" x 75"" (roof overhang: adds 9.4"" to depth)",,5299,8499,https://saunacosts.com/items/maxxus-3-person-full-spectrum-ir-sauna-mx-m356-01-fs-ced/
Maxxus,Maxxus 3 Person Low EMF FAR IR Sauna (MX-K306-01),infrared,indoor,3,,Special Electrical120V/20amp Non GFCI dedicated receptacle and breaker (Not 220/240 V) (Please consult a certified electrician.),Natural Reforested Canadian Hemlock wood construction,"64"" x 44"" x 75"" (roof overhang: adds 5.9"" to depth)",,2899,4999,https://saunacosts.com/items/maxxus-3-person-low-emf-far-ir-sauna-mx-k306-01/
Maxxus,Maxxus 3 Person Low EMF FAR IR Sauna (MX-K306-01-CED),infrared,indoor,3,,Special Electrical 120 V/20 AMP Non GFCI dedicated receptacle and breaker (Not 220/240 V) (Please consult a certified electrician.),Natural Reforested Canadian Red Cedar wood construction,"64"" x 44"" x 75"" (roof overhang: adds 5.9"" to depth)",,4299,6999,https://saunacosts.com/items/maxxus-3-person-low-emf-far-ir-sauna-mx-k306-01-ced/
Maxxus,Maxxus 3 Person Low EMF FAR IR Sauna (MX-K356-01),infrared,indoor,3,,Special Electrical 120 V/20 AMP Non GFCI dedicated receptacle and breaker (Not 220/240 V) (Please consult a certified electrician.),Natural Reforested Canadian Hemlock wood construction,"60"" x 60"" x 75"" (roof overhang: adds 9.4"" to depth)",,3299,5499,https://saunacosts.com/items/maxxus-3-person-low-emf-far-ir-sauna-mx-k356-01/
Maxxus,Maxxus 3 Person Low EMF FAR IR Sauna (MX-K356-01 CED),infrared,indoor,3,,Special Electrical 120 V/20 AMP Non GFCI dedicated receptacle and breaker (Not 220/240 V) (Please consult a certified electrician.),Natural Reforested Canadian Red Cedar wood construction,"60"" x 60"" x 75"" (roof overhang: adds 9.4"" to depth)",,4499,6999,https://saunacosts.com/items/maxxus-3-person-low-emf-far-ir-sauna-mx-k356-01-ced/
Maxxus,Maxxus 3 Person Near Zero EMF FAR IR Sauna (MX-K306-01-ZF HEM),infrared,indoor,3,2.4,120V / 20A,Canadian Hemlock,64 x 44 x 75 in,,3699,5999,https://saunacosts.com/items/maxxus-3-person-near-zero-emf-far-ir-sauna-mx-k306-01-zf-hem/
Maxxus,Maxxus 4 Person Low EMF FAR IR Sauna (MX-K406-01),infrared,indoor,4,,Special Electrical 120 V/20 AMP Non GFCI dedicated receptacle and breaker (Not 220/240 V) (Please consult a certified electrician.),Natural Reforested Canadian Hemlock wood construction,"74"" x 42"" x 75"" (roof overhang: adds 5.9"" to depth)",,3699,5999,https://saunacosts.com/items/maxxus-4-person-low-emf-far-ir-sauna-mx-k406-01/
Maxxus,Maxxus 4 Person Low EMF FAR IR Sauna (MX-K406-01-CED),infrared,indoor,4,,Special Electrical 120 V/20 AMP Non GFCI dedicated receptacle and breaker (Not 220/240 V) (Please consult a certified electrician.),Natural Reforested Canadian Red Cedar wood construction,"74"" x 42"" x 75"" (roof overhang: adds 5.9"" to depth)",,4699,7999,https://saunacosts.com/items/maxxus-4-person-low-emf-far-ir-sauna-mx-k406-01-ced/
Maxxus,Maxxus 4 Person Near Zero EMF FAR IR Sauna (MX-K406-01-ZF HEM),infrared,indoor,4,2.4,120V / 20A,Canadian Hemlock,74 x 42 x 75 in,,4499,6999,https://saunacosts.com/items/maxxus-4-person-near-zero-emf-far-ir-sauna-mx-k406-01-zf-hem/
Maxxus,"Maxxus ""Alpine"" Dual Tech 3 person Low EMF FAR IR Sauna (MX-J306-02S)",infrared,indoor,3,,Special Electrical 120 V/20 AMP Non GFCI dedicated receptacle and breaker (Not 220/240 V) (Please consult a certified electrician.),Natural Reforested Canadian Hemlock wood construction,"61"" x 44"" x 75""",,2399,4999,https://saunacosts.com/items/maxxus-alpine-dual-tech-3-person-low-emf-far-ir-sauna-mx-j306-02s/
Maxxus,"Maxxus ""Aspen"" Dual Tech 2 person Low EMF FAR IR Sauna (MX-J206-02S)",infrared,indoor,2,,120 V/15 AMP Non GFCI plug & play (Recommend Dedicated Outlet),Natural Reforested Canadian Hemlock wood construction,"48"" x 42"" x 75""",,2699,4499,https://saunacosts.com/items/maxxus-aspen-dual-tech-2-person-low-emf-far-ir-sauna-mx-j206-02s/
Maxxus,"Maxxus ""Avignon"" 3 Person Corner Near Zero EMF FAR IR Sauna (MX-K356-01-ZF CED)",infrared,indoor,3,,Special Electrical 120 V/20 AMP Non GFCI dedicated receptacle and breaker (Not 220/240 V) (Please consult a certified electrician.),Natural Reforested Canadian Red Cedar wood construction,"60"" x 60"" x 75"" (roof overhang: adds 9.4"" to depth)",,3299,7999,https://saunacosts.com/items/maxxus-avignon-3-person-corner-near-zero-emf-far-ir-sauna-mx-k356-01-zf-ced/
Maxxus,"Maxxus ""Bellevue"" 3 Person Low EMF FAR IR Sauna (MX-J306-01)",infrared,indoor,3,,Special Electrical 120V/20amp Non GFCI dedicated receptacle and breaker (Not 220/240 V) (Please consult a certified electrician.),Natural Reforested Canadian Hemlock wood construction,"61"" x 42"" x 75""",,2699,3999,https://saunacosts.com/items/maxxus-bellevue-3-person-low-emf-far-ir-sauna-mx-j306-01/
Maxxus,"Maxxus ""Bellevue"" 3 Person Near Zero EMF FAR IR Sauna (MX-J306-01-ZF)",infrared,indoor,3,,Special Electrical 120 V/20 AMP Non GFCI dedicated receptacle and breaker (Not 220/240 V) (Please consult a certified electrician.),Natural Reforested Canadian Hemlock wood construction,"61"" x 42"" x 75""",,2899,5999,https://saunacosts.com/items/maxxus-bellevue-3-person-near-zero-emf-far-ir-sauna-mx-j306-01-zf/
Maxxus,"Maxxus ""Chaumont"" 4 Person Near Zero EMF FAR IR Sauna (MX-K406-01-ZF CED)",infrared,indoor,4,,Special Electical 120 V/20 AMP Non GFCI dedicated receptacle and breaker (Not 220/240 V) (Please consult a certified electrician.),Natural Reforested Canadian Red Cedar wood construction,"74"" x 42"" x 75"" (roof overhang: adds 5.9"" to depth)",,5499,8999,https://saunacosts.com/items/maxxus-chaumont-4-person-near-zero-emf-far-ir-sauna-mx-k406-01-zf-ced/
Maxxus,"Maxxus ""Cholet"" 2 Person Near Zero EMF FAR IR Sauna (MX-K206-01-ZF HEM)",infrared,indoor,2,,120V/15amp Non GFCI plug & play (Recommended Dedicated Outlet),Natural Reforested Canadian Hemlock wood construction,50″ x 42″ x 75″ (roof overhang: adds 5.9″ to depth),,3099,3099,https://saunacosts.com/items/maxxus-cholet-2-person-near-zero-emf-far-ir-sauna-mx-k206-01-zf-hem/
Maxxus,"Maxxus ""Montilemar"" 3 Person Near Zero EMF FAR IR Sauna (MX-K306-01-ZF CED)",infrared,indoor,3,,Special Electical 120 V/20 AMP Non GFCI dedicated receptacle and breaker (Not 220/240 V) (Please consult a certified electrician.),Natural Reforested Canadian Red Cedar wood construction,"64"" x 44"" x 75"" (roof overhang: adds 5.9"" to depth)",,3899,6999,https://saunacosts.com/items/maxxus-montilemar-3-person-near-zero-emf-far-ir-sauna-mx-k306-01-zf-ced/
Maxxus,"Maxxus ""S-Line"" 1 Person Low EMF FAR IR Sauna (MX-S106-01)",infrared,indoor,1,,120V/15 AMP Non GFCI plug & play (Recommend Dedicated Outlet),Natural Reforested Canadian Hemlock wood construction,"39"" x 36"" x 75""",,2299,3999,https://saunacosts.com/items/maxxus-s-line-1-person-low-emf-far-ir-sauna-mx-s106-01/
Maxxus,Maxxus S-Line 1 Person Ultra Low EMF FAR IR Sauna (MX-S106-01 ELITE),infrared,indoor,1,1.8,120V / 15A,Canadian Hemlock,39 x 36 x 75 in,,2499,4499,https://saunacosts.com/items/maxxus-s-line-1-person-ultra-low-emf-far-ir-sauna-mx-s106-01-elite/
Maxxus,"Maxxus ""S-Line"" 2 Person Full Spectrum IR Sauna (MX-S206-01-FS-PC)",infrared,indoor,2,,120V/15 AMP Non GFCI plug & play (Recommend Dedicated Outlet),Natural Reforested Pacific Cedar wood construction,"48"" x 42"" x 75""",,2499,7999,https://saunacosts.com/items/maxxus-s-line-2-person-full-spectrum-ir-sauna-mx-s206-01-fs-pc/
Maxxus,"Maxxus ""S-Line"" 2 Person Low EMF FAR IR Sauna (MX-S206-01)",infrared,indoor,2,,120V/15 AMP Non GFCI plug & play (Recommend Dedicated Outlet),Natural Reforested Canadian Hemlock wood construction,"48"" x 42"" x 75""",,2549,5999,https://saunacosts.com/items/maxxus-s-line-2-person-low-emf-far-ir-sauna-mx-s206-01/
Maxxus,"Maxxus ""S-Line"" 2 Person Ultra Low EMF FAR IR Sauna (MX-S206-01 ELITE)",infrared,indoor,2,,120V/15 AMP Non GFCI plug & play (Recommend Dedicated Outlet),Natural Reforested Canadian Hemlock wood construction,"48"" x 42"" x 75""",,3299,6999,https://saunacosts.com/items/maxxus-s-line-2-person-ultra-low-emf-far-ir-sauna-mx-s206-01-elite/
Maxxus,"Maxxus ""S-Line"" 3 Person Full Spectrum IR Sauna (MX-S306-01-FS-PC)",infrared,indoor,3,,Special Electrical 120 V/20 AMP Non GFCI dedicated receptacle and breaker (Not 220/240 V) (Please consult a certified electrician.),Natural Reforested Pacific Cedar wood construction,"60"" x 42"" x 75""",,4299,8999,https://saunacosts.com/items/maxxus-s-line-3-person-full-spectrum-ir-sauna-mx-s306-01-fs-pc/
Maxxus,"Maxxus ""S-Line"" 3 Person Low EMF FAR IR Sauna (MX-S306-01)",infrared,indoor,3,,Special Electrical 120 V/20 AMP Non GFCI dedicated receptacle and breaker (Not 220/240 V) (Please consult a certified electrician.),Natural Reforested Canadian Hemlock wood construction,"60"" x 42"" x 75""",,3299,6999,https://saunacosts.com/items/maxxus-s-line-3-person-low-emf-far-ir-sauna-mx-s306-01/
Maxxus,Maxxus Seattle 2 Person Low EMF FAR IR Sauna (MX-J206-01),infrared,indoor,2,1.8,120V / 15A,Canadian Hemlock,48 x 42 x 75 in,,2299,3699,https://saunacosts.com/items/maxxus-seattle-2-person-low-emf-far-ir-sauna-mx-j206-01/
Maxxus,"Maxxus ""Seattle"" 2 Person Near Zero EMF FAR IR Sauna (MX-J206-01-ZF)",infrared,indoor,2,,120 V/15 AMP Non GFCI plug & play (Recommend Dedicated Outlet),Natural Reforested Canadian Hemlock wood construction,"48"" x 42"" x 75""",,2609.99,4999,https://saunacosts.com/items/maxxus-seattle-2-person-near-zero-emf-far-ir-sauna-mx-j206-01-zf/
Maxxus,"Maxxus ""Serenity"" Dual Tech 2 Person Low EMF FAR IR Sauna (MX-LS2-01)",infrared,indoor,2,,120 V/15 AMP Non GFCI plug & play (Recommend Dedicated Outlet),Natural Reforested Canadian Hemlock wood construction,"48"" x 40"" x 75""",,2149,4499,https://saunacosts.com/items/maxxus-serenity-dual-tech-2-person-low-emf-far-ir-sauna-mx-ls2-01/
Maxxus,"Maxxus ""Toulose"" 2 Person Low EMF FAR IR Sauna (MX-K206-01)",infrared,indoor,2,,120V/15amp Non GFCI plug & play (Recommended Dedicated Outlet),Natural Reforested Canadian Hemlock wood construction,"50"" x 42"" x 75"" (roof overhang: adds 5.9"" to depth)",,2699,4499,https://saunacosts.com/items/maxxus-toulose-2-person-low-emf-far-ir-sauna-mx-k206-01/
Maxxus,"Maxxus ""Trinity"" Dual Tech 3 person Low EMF FAR IR Sauna (MX-LS3-01)",infrared,indoor,3,,Special Electrical 120 V/20 AMP Non GFCI dedicated receptacle and breaker (Not 220/240 V) (Please consult a certified electrician.),Natural Reforested Canadian Hemlock wood construction,"55"" x 42"" x 75""",,2999,4999,https://saunacosts.com/items/maxxus-trinity-dual-tech-3-person-low-emf-far-ir-sauna-mx-ls3-01/
Nootka Saunas,Nootka Saunas 10ft Barrel Sauna,traditional,outdoor,6,9,,Local Western Red Cedar 1.5 inches thick,"6'7"" × 9'10"", height 6'10""",,9124,9124,https://saunacosts.com/items/nootka-saunas-10ft-barrel-sauna/
Nootka Saunas,Nootka Saunas 8ft Barrel Sauna,traditional,outdoor,4,9,,Local Western Red Cedar 1.5 inches thick,"6'7"" × 7'10"", height 6'10""",,,,https://saunacosts.com/items/nootka-saunas-8ft-barrel-sauna/
Nootka Saunas,Nootka Saunas Cube Sauna,traditional,outdoor,5,9,,Local Western Red Cedar 1.5 inches thick,"6'5"" × 7'10"", height 8'",,13250,13250,https://saunacosts.com/items/nootka-saunas-cube-sauna/
Orivon,Orivon Auris One Luxury Outdoor Cedar Sauna,traditional,outdoor,1,,,Red Cedar,,,19999,19999,https://saunacosts.com/items/orivon-auris-one-luxury-outdoor-cedar-sauna/
Orivon,Orivon Auris Two Luxury Outdoor Cedar Sauna,traditional,outdoor,3,,,Red Cedar,,,25999,25999,https://saunacosts.com/items/orivon-auris-two-luxury-outdoor-cedar-sauna/
Orivon,Orivon Lumin Infrared Sauna One,infrared,indoor,1,,,Canadian Hemlock,,,7999,7999,https://saunacosts.com/items/orivon-lumin-infrared-sauna-one/
Orivon,Orivon Lumin Infrared Sauna Three,infrared,indoor,3,,,Canadian Hemlock,,,10999,10999,https://saunacosts.com/items/orivon-lumin-infrared-sauna-three/
Orivon,Orivon Lumin Infrared Sauna Two,infrared,indoor,2,,,Canadian Hemlock,,,8999,8999,https://saunacosts.com/items/orivon-lumin-infrared-sauna-two/
Peak Saunas,Peak Saunas Crown 2-Person Full Spectrum Infrared Sauna,infrared,indoor,2,1.8,120V / 15A (NEMA 5-15P),Canadian Hemlock,"48"" W x 44"" D x 79"" H",,,,https://saunacosts.com/items/peak-saunas-crown-2-person-full-spectrum-infrared-sauna/
Peak Saunas,Peak Saunas Denali 3-Person Full Spectrum Infrared Sauna,infrared,indoor,3,2.85,240V / 20A (NEMA 6-20P),Canadian Hemlock,"61"" W x 44"" D x 75"" H",,,,https://saunacosts.com/items/peak-saunas-denali-3-person-full-spectrum-infrared-sauna/
Peak Saunas,Peak Saunas El Capitan 4-Person Outdoor Full Spectrum Infrared Sauna,infrared,outdoor,4,5.3,240V / 30A (NEMA L6-30P),"Canadian Hemlock (interior), aluminum (exterior)","81"" W x 55"" D x 83"" H",,,,https://saunacosts.com/items/peak-saunas-el-capitan-4-person-outdoor-full-spectrum-infrared-sauna/
Peak Saunas,Peak Saunas Everest 2-Person Full Spectrum Infrared Sauna,infrared,indoor,2,2.05,120V / 20A (NEMA 5-20P),Canadian Hemlock,"53"" W x 44"" D x 75"" H",,,,https://saunacosts.com/items/peak-saunas-everest-2-person-full-spectrum-infrared-sauna/
Peak Saunas,Peak Saunas Fuji 2-Person Full Spectrum Infrared Sauna,infrared,indoor,2,2.05,120V / 20A (NEMA 5-20P),Canadian Red Cedar,"53"" W x 44"" D x 75"" H",,,,https://saunacosts.com/items/peak-saunas-fuji-2-person-full-spectrum-infrared-sauna/
Peak Saunas,Peak Saunas Kilimanjaro 5-Person Outdoor Full Spectrum Infrared Sauna,infrared,outdoor,5,4.85,240V / 30A (NEMA L6-30P),"Canadian Hemlock (interior), aluminum (exterior)","59"" W x 59"" D x 83"" H",,,,https://saunacosts.com/items/peak-saunas-kilimanjaro-5-person-outdoor-full-spectrum-infrared-sauna/
Peak Saunas,Peak Saunas Matterhorn 3-Person Full Spectrum Infrared Sauna,infrared,indoor,3,2.85,240V / 20A (NEMA 6-20P),Canadian Red Cedar,"61"" W x 44"" D x 75"" H",,,,https://saunacosts.com/items/peak-saunas-matterhorn-3-person-full-spectrum-infrared-sauna/
Peak Saunas,Peak Saunas Mini 1-Person Full Spectrum Infrared Sauna,infrared,indoor,1,1.2,120V / 15A (NEMA 5-15P),Canadian Hemlock,"31"" W x 32"" D x 67"" H",,,,https://saunacosts.com/items/peak-saunas-mini-1-person-full-spectrum-infrared-sauna/
Peak Saunas,Peak Saunas Patagonia 2-Person Outdoor Full Spectrum Infrared Sauna,infrared,outdoor,2,3.35,240V / 20A (NEMA L6-20P),"Canadian Hemlock (interior), aluminum (exterior)","52"" W x 42"" D x 83"" H",,,,https://saunacosts.com/items/peak-saunas-patagonia-2-person-outdoor-full-spectrum-infrared-sauna/
Peak Saunas,Peak Saunas Rainier 1-Person Full Spectrum Infrared Sauna,infrared,indoor,1,1.8,120V / 15A (NEMA 5-15P),Canadian Red Cedar,"42"" W x 40"" D x 75"" H",,,,https://saunacosts.com/items/peak-saunas-rainier-1-person-full-spectrum-infrared-sauna/
Peak Saunas,Peak Saunas Shasta 1-Person Full Spectrum Infrared Sauna,infrared,indoor,1,1.8,120V / 15A (NEMA 5-15P),Canadian Hemlock,"42"" W x 40"" D x 75"" H",,,,https://saunacosts.com/items/peak-saunas-shasta-1-person-full-spectrum-infrared-sauna/
Redwood Outdoors,Redwood Outdoors Barrel Outdoor Sauna - 8 Person,traditional,outdoor,8,8,240V / 40A,Canadian Thermowood,72.75 x 92.5 x 76.5 in,,6299,6299,https://saunacosts.com/items/redwood-outdoors-barrel-outdoor-sauna-8-person/
Redwood Outdoors,Redwood Outdoors Barrel Outdoor Sauna w/ Porch - 6 Person,traditional,outdoor,6,6,120V / 240V,Canadian Thermowood,92.5 x 72.75 x 76.5 in,,,,https://saunacosts.com/items/redwood-outdoors-barrel-outdoor-sauna-w-porch-6-person/
Redwood Outdoors,Redwood Outdoors Cabin Outdoor Sauna - 4 Person,traditional,outdoor,4,6,240V / 30A,Hemlock,78 x 67 x 92.5 in,,,,https://saunacosts.com/items/redwood-outdoors-cabin-outdoor-sauna-4-person/
Redwood Outdoors,Redwood Outdoors Cabin Outdoor Sauna x Alaskan All-In-One Cold Plunge,traditional,outdoor,4,6,240V / 30A,Hemlock,78 x 67 x 91.63 in,,,,https://saunacosts.com/items/redwood-outdoors-cabin-outdoor-sauna-x-alaskan-all-in-one-cold-plunge/
Redwood Outdoors,Redwood Outdoors Cabin Outdoor Sauna x Denali Cold Plunge,traditional,outdoor,4,6,240V / 30A,Heat-treated hemlock,67 x 78 x 91.625 in,,,,https://saunacosts.com/items/redwood-outdoors-cabin-outdoor-sauna-x-denali-cold-plunge/
Redwood Outdoors,Redwood Outdoors Cove Outdoor Sauna - 3 Person,traditional,outdoor,3,6,240V / 30A,Hemlock,83.5 x 66.25 x 82.5 in,,,,https://saunacosts.com/items/redwood-outdoors-cove-outdoor-sauna-3-person/
Redwood Outdoors,Redwood Outdoors Cove Outdoor Sauna x Alaskan All-In-One Cold Plunge,traditional,outdoor,3,6,240V / 30A,Hemlock,83.5 x 66.25 x 81.75 in,,,,https://saunacosts.com/items/redwood-outdoors-cove-outdoor-sauna-x-alaskan-all-in-one-cold-plunge/
Redwood Outdoors,Redwood Outdoors Cove Outdoor Sauna x Denali Cold Plunge,traditional,outdoor,3,6,240V / 30A,Heat-treated hemlock,66.25 x 83.5 x 81.75 in,,,,https://saunacosts.com/items/redwood-outdoors-cove-outdoor-sauna-x-denali-cold-plunge/
Redwood Outdoors,Redwood Outdoors Duo Outdoor Sauna - 2 Person,traditional,outdoor,2,6,120V / 240V,Canadian Thermowood,50.75 x 62.75 x 82.75 in,,5899,5899,https://saunacosts.com/items/redwood-outdoors-duo-outdoor-sauna-2-person/
Redwood Outdoors,Redwood Outdoors Duo Outdoor Sauna x Alaskan All-In-One Cold Plunge,traditional,outdoor,2,6,240V / 30A,Hemlock,62.75 x 50.75 x 82.75 in,,,,https://saunacosts.com/items/redwood-outdoors-duo-outdoor-sauna-x-alaskan-all-in-one-cold-plunge/
Redwood Outdoors,Redwood Outdoors Duo Outdoor Sauna x Denali Cold Plunge,traditional,outdoor,2,6,240V / 30A,Canadian Thermowood,50.75 x 62.75 x 82.75 in,,,,https://saunacosts.com/items/redwood-outdoors-duo-outdoor-sauna-x-denali-cold-plunge/
Redwood Outdoors,Redwood Outdoors Extra-Wide Barrel Outdoor Sauna x Alaskan All-In-One Cold Plunge,traditional,outdoor,6,6,240V,Hemlock,71.75 x 84.75 x 88.5 in,,,,https://saunacosts.com/items/redwood-outdoors-extra-wide-barrel-outdoor-sauna-x-alaskan-all-in-one-cold-plung/
Redwood Outdoors,Redwood Outdoors Extra-Wide Barrel Outdoor Sauna x Denali Cold Plunge,traditional,outdoor,6,6,240V / 30A,Hemlock,71.75 x 84.75 x 88.5 in,,,,https://saunacosts.com/items/redwood-outdoors-extra-wide-barrel-outdoor-sauna-x-denali-cold-plunge/
Redwood Outdoors,Redwood Outdoors Extra-Wide Outdoor Barrel Sauna - 6 Person,traditional,outdoor,6,6,240V / 30A,Hemlock,71.75 x 84.75 x 88.5 in,,8299,8299,https://saunacosts.com/items/redwood-outdoors-extra-wide-outdoor-barrel-sauna-6-person/
Redwood Outdoors,Redwood Outdoors Extra-Wide Outdoor Barrel Sauna w/ Porch - 6 Person,traditional,outdoor,6,6,120V / 240V,Hemlock,92.5 x 84.75 x 88.5 in,,,,https://saunacosts.com/items/redwood-outdoors-extra-wide-outdoor-barrel-sauna-w-porch-6-person/
Redwood Outdoors,Redwood Outdoors Garden Outdoor Sauna x Alaskan All-In-One Cold Plunge,traditional,outdoor,8,8,240V / 40A,Hemlock,91 x 90.5 x 97 in,,6999,6999,https://saunacosts.com/items/redwood-outdoors-garden-outdoor-sauna-x-alaskan-all-in-one-cold-plunge/
Redwood Outdoors,Redwood Outdoors Garden Outdoor Sauna x Denali Cold Plunge,traditional,outdoor,8,8,240V / 40A,Heat-treated hemlock,90.5 x 91 x 97 in,,,,https://saunacosts.com/items/redwood-outdoors-garden-outdoor-sauna-x-denali-cold-plunge/
Redwood Outdoors,Redwood Outdoors Grove Outdoor Sauna - 8 Person - 001 Version,traditional,outdoor,8,9,240V / 50A,Hemlock,94.13 x 94.13 x 94 in,,11699,11699,https://saunacosts.com/items/redwood-outdoors-grove-outdoor-sauna-8-person-001-version/
Redwood Outdoors,Redwood Outdoors Haven Indoor Sauna - 3 Person,traditional,indoor,3,6,240V / 30A,Heat-treated hemlock,63 x 54.25 x 79.5 in,,5499,5499,https://saunacosts.com/items/redwood-outdoors-haven-indoor-sauna-3-person/
Redwood Outdoors,Redwood Outdoors Horizon Outdoor Sauna - 6 Person w/ Porch,traditional,outdoor,6,6,120V / 240V,Canadian Thermowood,92.5 x 72.75 x 76.5 in,,,,https://saunacosts.com/items/redwood-outdoors-horizon-outdoor-sauna-6-person-w-porch/
Redwood Outdoors,Redwood Outdoors Horizon Outdoor Sauna x Alaskan All-In-One Cold Plunge,traditional,outdoor,6,6,240V / 30A,Hemlock,92.5 x 72.75 x 76.5 in,,,,https://saunacosts.com/items/redwood-outdoors-horizon-outdoor-sauna-x-alaskan-all-in-one-cold-plunge/
Redwood Outdoors,Redwood Outdoors Noctra Outdoor Sauna - 8 Person,traditional,outdoor,8,8,240V / 40A,Heat-treated hemlock stained black,94.75 x 80.5 x 85.75 in,,9499,9499,https://saunacosts.com/items/redwood-outdoors-noctra-outdoor-sauna-8-person/
Redwood Outdoors,Redwood Outdoors Retreat Indoor Sauna - 4 Person,traditional,indoor,4,6,120V / 240V,Canadian Thermowood,54.25 x 72.5 x 79.5 in,,,,https://saunacosts.com/items/redwood-outdoors-retreat-indoor-sauna-4-person/
Redwood Outdoors,Redwood Outdoors Solo Outdoor Sauna - 1 Person,traditional,outdoor,1,6,120V / 240V,Thermowood,47.25 x 46.125 x 81.125 in,,,,https://saunacosts.com/items/redwood-outdoors-solo-outdoor-sauna-1-person/
Redwood Outdoors,Redwood Outdoors Solo Outdoor Sauna x Alaskan All-In-One Cold Plunge,traditional,outdoor,1,6,240V / 30A,Hemlock,46.13 x 47.25 x 81.13 in,,6999,6999,https://saunacosts.com/items/redwood-outdoors-solo-outdoor-sauna-x-alaskan-all-in-one-cold-plunge/
Redwood Outdoors,Redwood Outdoors Summit Outdoor Sauna - 6 Person,traditional,outdoor,6,6,120V / 240V,Hemlock,69.5 x 82 x 82.75 in,,7999,7999,https://saunacosts.com/items/redwood-outdoors-summit-outdoor-sauna-6-person/
Redwood Outdoors,Redwood Outdoors Vista Outdoor Sauna - 6 Person,traditional,outdoor,6,6,120V / 240V,Canadian Thermowood,71 x 72.75 x 76.5 in,,,,https://saunacosts.com/items/redwood-outdoors-vista-outdoor-sauna-6-person/
Redwood Outdoors,Redwood Outdoors Vista Outdoor Sauna x Alaskan All-In-One Cold Plunge,traditional,outdoor,6,6,240V / 30A,Hemlock,71 x 72.75 x 76.5 in,,,,https://saunacosts.com/items/redwood-outdoors-vista-outdoor-sauna-x-alaskan-all-in-one-cold-plunge/
Relax Saunas,Relax Saunas Black Pro Sauna,infrared,indoor,1,1.4,120V / 220V,None (fabric),32 x 32 x 46 in,,,,https://saunacosts.com/items/relax-saunas-black-pro-sauna/
Relax Saunas,Relax Saunas Flex Lie Down Sauna,infrared,indoor,1,1.4,120V / 220V,None,65 x 26 x 19 in,,,,https://saunacosts.com/items/relax-saunas-flex-lie-down-sauna/
Relax Saunas,Relax Saunas Silver Elite Sauna,infrared,indoor,1,1.4,120V / 220V,None (fabric),32 x 32 x 46 in,,,,https://saunacosts.com/items/relax-saunas-silver-elite-sauna/
SaunaLife,SaunaLife Cube-Series Model CL12GCP,traditional,outdoor,8,,,"Thermo-Spruce (exterior), Thermo-Aspen (benches/backrest)","91"" W x 151.6"" D x 93"" H",Limited lifetime,10990,12980,https://saunacosts.com/items/saunalife-cube-series-model-cl12gcp/
SaunaLife,SaunaLife Cube-Series Model CL3G,traditional,outdoor,2,,,"Thermo-Spruce (exterior), Thermo-Aspen (benches/backrest)","53.2"" W x 51.2"" D x 81.9"" H",Limited lifetime,3990,4940,https://saunacosts.com/items/saunalife-cube-series-model-cl3g/
SaunaLife,SaunaLife Cube-Series Model CL4G,traditional,outdoor,3,,,"Thermo-Spruce (exterior), Thermo-Aspen (benches/backrest)","80.7"" W x 49.2"" D x 82.7"" H",Limited lifetime,4990,5940,https://saunacosts.com/items/saunalife-cube-series-model-cl4g/
SaunaLife,SaunaLife Cube-Series Model CL5G,traditional,outdoor,4,,,"Thermo-Spruce (exterior), Thermo-Aspen (benches/backrest)","80.7"" W x 63"" D x 82.7"" H",Limited lifetime,5990,6940,https://saunacosts.com/items/saunalife-cube-series-model-cl5g/
SaunaLife,SaunaLife Cube-Series Model CL7G,traditional,outdoor,6,,,"Thermo-Spruce (exterior), Thermo-Aspen (benches/backrest)","91"" W x 86.6"" D x 93"" H",Limited lifetime,7990,8940,https://saunacosts.com/items/saunalife-cube-series-model-cl7g/
SaunaLife,SaunaLife Ergo-Series Model E6,traditional,outdoor,3,,,"Thermo-Spruce (staves/exterior), Thermo-Aspen (benches/backrest)","81"" Diameter x 59"" Length",Limited lifetime,4390,4390,https://saunacosts.com/items/saunalife-ergo-series-model-e6/
SaunaLife,SaunaLife Ergo-Series Model E6W,traditional,outdoor,3,,,"Thermo-Spruce (staves/exterior), Thermo-Aspen (benches/backrest)","81"" Diameter x 59"" Length",Limited lifetime,4890,5890,https://saunacosts.com/items/saunalife-ergo-series-model-e6w/
SaunaLife,SaunaLife Ergo-Series Model E7,traditional,outdoor,4,,,"Thermo-Spruce (staves/exterior), Thermo-Aspen (benches/backrest)","81"" Diameter x 71"" Length",Limited lifetime,5190,5190,https://saunacosts.com/items/saunalife-ergo-series-model-e7/
SaunaLife,SaunaLife Ergo-Series Model E7G,traditional,outdoor,4,,,"Thermo-Spruce (staves/exterior), Thermo-Aspen (benches/backrest)","81"" Diameter x 71"" Length",Limited lifetime,6190,6190,https://saunacosts.com/items/saunalife-ergo-series-model-e7g/
SaunaLife,SaunaLife Ergo-Series Model E7W,traditional,outdoor,4,,,"Thermo-Spruce (staves/exterior), Thermo-Aspen (benches/backrest)","81"" Diameter x 71"" Length",Limited lifetime,,,https://saunacosts.com/items/saunalife-ergo-series-model-e7w/
SaunaLife,SaunaLife Ergo-Series Model E8,traditional,outdoor,6,,,"Thermo-Spruce (staves/exterior), Thermo-Aspen (benches/backrest)","81"" Diameter x 87"" Length",Limited lifetime,5990,5990,https://saunacosts.com/items/saunalife-ergo-series-model-e8/
SaunaLife,SaunaLife Ergo-Series Model E8G,traditional,outdoor,6,,,"Thermo-Spruce (staves/exterior), Thermo-Aspen (benches/backrest)","81"" Diameter x 87"" Length",Limited lifetime,6990,7186.67,https://saunacosts.com/items/saunalife-ergo-series-model-e8g/
SaunaLife,SaunaLife Ergo-Series Model E8W,traditional,outdoor,6,,,"Thermo-Spruce (staves/exterior), Thermo-Aspen (benches/backrest)","81"" Diameter x 87"" Length",Limited lifetime,6490,6490,https://saunacosts.com/items/saunalife-ergo-series-model-e8w/
SaunaLife,SaunaLife Ergo-Series Model EE6G,traditional,outdoor,4,,,"Thermo-Spruce (staves/exterior), Thermo-Aspen (benches/backrest)","91"" Diameter x 63"" Length",Limited lifetime,4890,6940,https://saunacosts.com/items/saunalife-ergo-series-model-ee6g/
SaunaLife,SaunaLife Ergo-Series Model EE8G,traditional,outdoor,6,,,"Thermo-Spruce (staves/exterior), Thermo-Aspen (benches/backrest)","91"" Diameter x 79"" Length",Limited lifetime,7190,8140,https://saunacosts.com/items/saunalife-ergo-series-model-ee8g/
SaunaLife,SaunaLife Garden Luxury-Series Model GL4,traditional,outdoor,4,,,"Thermo-Spruce (walls), Thermo-hardwood (benches/backrest)","58.9"" W x 79.5"" D x 85"" H",Limited lifetime,6190,9490,https://saunacosts.com/items/saunalife-garden-luxury-series-model-gl4/
SaunaLife,SaunaLife Garden Luxury-Series Model GL6,traditional,outdoor,6,,,"Thermo-Spruce (walls), Thermo-hardwood (benches/backrest)","90.2"" W x 90.2"" D x 92.5"" H",Limited lifetime,6990,12790,https://saunacosts.com/items/saunalife-garden-luxury-series-model-gl6/
SaunaLife,SaunaLife Garden-Series Model G11,traditional,outdoor,8,,,"Thermo-Spruce/Thermo-Pine (exterior/room), Thermo-Aspen (benches/backrest)","7'7"" L x 6'4"" W x 7'7"" H (sauna room only; separate equal-size changing room + porch also included)",Limited lifetime,14990,14990,https://saunacosts.com/items/saunalife-garden-series-model-g11/
SaunaLife,SaunaLife Garden-Series Model G2,traditional,outdoor,4,6,,Spruce (walls),"71.8"" W x 64.2"" D x 86.4"" H (front); 71.8"" W x 64.2"" D x 75.5"" H (back, slanted roof)",Limited lifetime,4990,5940,https://saunacosts.com/items/saunalife-garden-series-model-g2/
SaunaLife,SaunaLife Garden-Series Model G3,traditional,outdoor,,,,"Thermo-Spruce (exterior/staves), Thermo-Aspen (benches/backrest), Thermo-Pine (fascia/cradles)","95.3"" W x 86.6"" D x 92.1"" H",Limited lifetime,4890,6990,https://saunacosts.com/items/saunalife-garden-series-model-g3/
SaunaLife,SaunaLife Garden-Series Model G6,traditional,outdoor,6,,,"Alder (interior), Spruce (exterior cladding)","7'10.5"" L x 6'10.7"" W x 8'1.9"" H",Limited lifetime,24900,24990,https://saunacosts.com/items/saunalife-garden-series-model-g6/
SaunaLife,SaunaLife Xperience-Series Model X2,traditional,indoor,2,,,"Nordic Spruce (walls/ceiling), Aspen (bench/backrest/footrest)","60"" W x 60"" D x 80"" H",Limited lifetime,3990,5940,https://saunacosts.com/items/saunalife-xperience-series-model-x2/
Sun Home Saunas,Sun Home Saunas Eclipse 2-Person Red Light & Infrared Sauna,infrared,indoor,2,2.82,120V,Canadian Hemlock,51.5 x 47.2 x 76.7 in,Limited lifetime,9999,9999,https://saunacosts.com/items/sun-home-saunas-eclipse-2-person-red-light-infrared-sauna/
Sun Home Saunas,Sun Home Saunas Eclipse 4-Person Red Light & Infrared Sauna,infrared,indoor,4,5.3,240V,Canadian Hemlock,94.4 x 55.1 x 76.7 in,Limited lifetime,,,https://saunacosts.com/items/sun-home-saunas-eclipse-4-person-red-light-infrared-sauna/
Sun Home Saunas,Sun Home Saunas Luminar Outdoor 5-Person Full Spectrum Infrared Sauna,infrared,outdoor,5,,240V / 30A,cedar interior / aluminum exterior,82.25 x 51.75 x 84 in,Limited lifetime,10599,13899,https://saunacosts.com/items/sun-home-saunas-luminar-outdoor-5-person-full-spectrum-infrared-sauna/
Sun Home Saunas,Sun Home Saunas Nova Indoor 3-Person Traditional Sauna,traditional,indoor,3,6,240V / 30A,Canadian cedar,64.9 x 57.1 x 82.7 in,Limited lifetime,6299,6299,https://saunacosts.com/items/sun-home-saunas-nova-indoor-3-person-traditional-sauna/
Sun Home Saunas,Sun Home Saunas Nova Indoor 5-Person Traditional Sauna,traditional,indoor,5,7.5,240V / 40A,Canadian cedar,78.7 x 68.9 x 82.7 in,Limited lifetime,,,https://saunacosts.com/items/sun-home-saunas-nova-indoor-5-person-traditional-sauna/
Sun Home Saunas,Sun Home Saunas Solaris Traditional Sauna - Medium,traditional,outdoor,,,240V / 40A,Thermory pine,90.1 x 90.1 x 94.5 in,,,,https://saunacosts.com/items/sun-home-saunas-solaris-traditional-sauna-medium/
Sun Home Saunas,Sun Home Saunas Solaris Traditional Sauna - Small,traditional,outdoor,,,,Thermory pine,90.1 x 68.9 x 94.5 in,,,,https://saunacosts.com/items/sun-home-saunas-solaris-traditional-sauna-small/
Sun Home Saunas,Sun Home Saunas Solstice 4-Person Infrared Sauna,infrared,indoor,4,2.75,240V / 20A,Kiln dried Eucalyptus,80.9 x 56.1 x 77.7 in,,7799,7799,https://saunacosts.com/items/sun-home-saunas-solstice-4-person-infrared-sauna/
Sun Home Saunas,Sun Home Saunas Sun Home Equinox 2-Person Full-Spectrum Infrared Sauna,infrared,indoor,2,1.88,,Eco-certified Kiln dried Eucalyptus,50.9 x 45.9 x 77.7 in,,,,https://saunacosts.com/items/sun-home-saunas-sun-home-equinox-2-person-full-spectrum-infrared-sauna/
Sun Home Saunas,Sun Home Saunas Sun Home Equinox 3-Person Full-Spectrum Infrared Sauna,infrared,indoor,3,1,120V / 20A,Eucalyptus,62.3 x 45.9 x 77.7 in,,6099,6099,https://saunacosts.com/items/sun-home-saunas-sun-home-equinox-3-person-full-spectrum-infrared-sauna/
Sun Home Saunas,Sun Home Saunas Sun Home Pod 1-Person Red Light & Infrared Sauna,infrared,indoor,1,1.71,,Canadian Hemlock,40.1 diameter x 77.5 height in,Limited lifetime,4999,6599,https://saunacosts.com/items/sun-home-saunas-sun-home-pod-1-person-red-light-infrared-sauna/
Sunray,Sunray Aspen 3 Person Indoor Infrared Sauna,infrared,indoor,3,1.965,"ETL/CSA Certified - Meets all US and Canadian electrical safety standards - 120V, 20 amp plug",,59 x 47 x 75 in,,2249,3296,https://saunacosts.com/items/sunray-aspen-3-person-indoor-infrared-sauna/
Sunray,Sunray Aston 1-2 Person Indoor Traditional Sauna,traditional,indoor,1,4.5,,Canadian Cedar Construction,54 x 36 x 80 in,,3596,3796,https://saunacosts.com/items/sunray-aston-1-2-person-indoor-traditional-sauna/
Sunray,Sunray Aurora 2-4 Person Traditional Barrel Sauna,traditional,,2,6,,,72 x 61 x 76 in,,4990,5290,https://saunacosts.com/items/sunray-aurora-2-4-person-traditional-barrel-sauna/
Sunray,Sunray Baldwin 2 Person Indoor Traditional Sauna,traditional,indoor,2,3.5,,Canadian Hemlock Construction,59 x 42 x 75 in,,3067.99,3496,https://saunacosts.com/items/sunray-baldwin-2-person-indoor-traditional-sauna/
Sunray,Sunray Bristol Bay 4 Person Indoor Infrared Corner Sauna,infrared,indoor,4,2.1,"ETL/CSA Certified - Meets all US and Canadian electrical safety standards - Dedicated 120V, 20-amp plug",,65 x 65 x 75 in,,2489,4298,https://saunacosts.com/items/sunray-bristol-bay-4-person-indoor-infrared-corner-sauna/
Sunray,Sunray Bristow 2 Person Outdoor Traditional Sauna,traditional,outdoor,2,4.5,,,50 x 50 x 98 in,,4690,4990,https://saunacosts.com/items/sunray-bristow-2-person-outdoor-traditional-sauna/
Sunray,Sunray Burlington 2 Person Outdoor Infrared Sauna,infrared,outdoor,2,1.9,"Dedicated 120V, 20 amp (ETL/CSA Certified)",Solid Canadian Hemlock Wood,"Cabin: 47"" x 45"" x 87"" (Roof: 67"" x 59"" x 87"")",,3790,3790,https://saunacosts.com/items/sunray-burlington-2-person-outdoor-infrared-sauna/
Sunray,Sunray Cayenne 4 Person Outdoor Infrared Sauna,infrared,outdoor,4,2.4,,Natural Canadian Hemlock Wood,79 x 52 x 87 in,,3990,4290,https://saunacosts.com/items/sunray-cayenne-4-person-outdoor-infrared-sauna/
Sunray,Sunray Cayman 4 Person Outdoor Traditional Sauna,traditional,outdoor,4,6,,Premium Canadian hemlock construction,72 x 62 x 85 in,,5690,5690,https://saunacosts.com/items/sunray-cayman-4-person-outdoor-traditional-sauna/
Sunray,Sunray Charleston 4 Person Indoor Traditional Sauna,traditional,indoor,4,6,,Canadian Cedar Construction,71 x 63 x 80 in,,4598,4702.99,https://saunacosts.com/items/sunray-charleston-4-person-indoor-traditional-sauna/
Sunray,Sunray Denali 4 Person Contemporary Outdoor Sauna,traditional,outdoor,4,6,"ETL/CSA Certified - Meets all US and Canadian electrical safety standards - Dedicated 220V, 30 amps",Constructed of Rustic Canadian Cedar for Durability and Strength,72 x 62 x 89 in,,4990,5290,https://saunacosts.com/items/sunray-denali-4-person-contemporary-outdoor-sauna/
Sunray,Sunray Eagle 2 Person Outdoor Traditional Sauna,traditional,outdoor,2,4.5,,,51 x 51 x 98 in,,4990,4990,https://saunacosts.com/items/sunray-eagle-2-person-outdoor-traditional-sauna/
Sunray,Sunray Evansport 2 Person Indoor Infrared Sauna,infrared,indoor,2,1.665,"ETL/CSA Certified - Meets all US and Canadian electrical safety standards - 120V, 15-amp plug",Natural Canadian Hemlock,48 x 45 x 75 in,,1598,2698,https://saunacosts.com/items/sunray-evansport-2-person-indoor-infrared-sauna/
Sunray,Sunray Freeport 3 Person Outdoor Traditional Sauna,traditional,outdoor,3,4.5,,,61 x 51 x 98 in,,4990,5290,https://saunacosts.com/items/sunray-freeport-3-person-outdoor-traditional-sauna/
Sunray,Sunray Galley 4 Person Traditional Barrel Sauna,traditional,,4,6,,,72 x 72 x 76 in,,5590,5890,https://saunacosts.com/items/sunray-galley-4-person-traditional-barrel-sauna/
Sunray,Sunray Grandby 3 Person Outdoor Infrared Sauna,infrared,outdoor,3,2.1,"Dedicated 120V, 20 amp (ETL/CSA Certified)",Natural Canadian Hemlock Wood,"Exterior Height: 87"" x Width: 69"" x Depth: 47"" (Roof: 79"" x 61"" x 87"")",,3990,3990,https://saunacosts.com/items/sunray-grandby-3-person-outdoor-infrared-sauna/
Sunray,Sunray Hampton 3 Person Indoor Traditional Sauna,traditional,indoor,3,4.5,,Canadian Cedar Construction,70 x 47 x 80 in,,4098,4098,https://saunacosts.com/items/sunray-hampton-3-person-indoor-traditional-sauna/
Sunray,Sunray Logan 2 Person Outdoor Infrared Sauna,infrared,outdoor,2,2.8,"220V, 20 amps",Aged Canadian Hemlock Wood,49.25 x 49.25 x 88 in,,3990,4290,https://saunacosts.com/items/sunray-logan-2-person-outdoor-infrared-sauna/
Sunray,Sunray Oasis 2-4 Person Traditional Canopy Barrel Sauna,traditional,,2,6,,,72 x 72 x 76 in,,5790,5790,https://saunacosts.com/items/sunray-oasis-2-4-person-traditional-canopy-barrel-sauna/
Sunray,Sunray Pacific 4 Person Outdoor Infrared Sauna,infrared,outdoor,4,4.8,"ETL/CSA Certified - Meets all US and Canadian electrical safety standards - Dedicated 220V, 30 amp",Solid Canadian Hemlock Wood,72 x 61.5 x 88 in,,5190,5675,https://saunacosts.com/items/sunray-pacific-4-person-outdoor-infrared-sauna/
Sunray,Sunray Rockledge 2 Person Luxury Indoor Traditional Sauna,traditional,indoor,2,4.5,"220V, 30 AMP Dedicated Outlet Required",,59 x 42 x 75 in,,4696,4998,https://saunacosts.com/items/sunray-rockledge-2-person-luxury-indoor-traditional-sauna/
Sunray,Sunray Roslyn 4 Person Indoor Infrared Sauna,infrared,indoor,4,2.1,"ETL/CSA Certified - Meets all US and Canadian electrical safety standards - Dedicated 120V, 20 amp plug",,72 x 54 x 76 in,,2680,4298,https://saunacosts.com/items/sunray-roslyn-4-person-indoor-infrared-sauna/
Sunray,Sunray Savannah 3 Person Indoor Infrared Sauna,infrared,indoor,3,1.965,"ETL/CSA Certified - Meets all US and Canadian electrical safety standards - 120V, 20-amp plug",,59 x 47 x 75 in,,2432,3496,https://saunacosts.com/items/sunray-savannah-3-person-indoor-infrared-sauna/
Sunray,Sunray Sedona 1-2 Person Indoor Infrared Sauna,infrared,indoor,1,1.29,"ETL/CSA Certified - Meets all US and Canadian electrical safety standards - 120V, 15 amp plug",Natural Canadian red cedar wood,36 x 42 x 75 in,,1796,2798,https://saunacosts.com/items/sunray-sedona-1-2-person-indoor-infrared-sauna/
Sunray,Sunray Seneca 3 Person Contemporary Outdoor Sauna,traditional,outdoor,3,6,"ETL/CSA Certified - Meets all US and Canadian electrical safety standards - Dedicated 220V, 30 amps",Constructed of Rustic Canadian Cedar for Durability and Strength,61 x 51 x 89 in,,4590,4890,https://saunacosts.com/items/sunray-seneca-3-person-contemporary-outdoor-sauna/
Sunray,Sunray Sequoia 4 Person Indoor Infrared Sauna,infrared,indoor,4,2.1,"ETL/CSA Certified - Meets all US and Canadian electrical safety standards - 120V, 20 amp plug",,69 x 53 x 75 in,,2849,4298,https://saunacosts.com/items/sunray-sequoia-4-person-indoor-infrared-sauna/
Sunray,Sunray Sierra 2 Person Indoor Infrared Sauna,infrared,indoor,2,1.665,"ETL/CSA Certified - Meets all US and Canadian electrical safety standards - 120V, 15-amp plug",,48 x 45 x 75 in,,1998,2998,https://saunacosts.com/items/sunray-sierra-2-person-indoor-infrared-sauna/
Sunray,Sunray Solace 2 Person Traditional Barrel Sauna,traditional,,2,6,,,72 x 49 x 76 in,,4490,4790,https://saunacosts.com/items/sunray-solace-2-person-traditional-barrel-sauna/
Sunray,Sunray Southport 3 Person Indoor Traditional Sauna,traditional,indoor,3,4.5,,Natural Canadian Hemlock wood,69 x 47 x 75 in,,3296,3698,https://saunacosts.com/items/sunray-southport-3-person-indoor-traditional-sauna/
Sunray,Sunray Tiburon 4 Person Indoor Traditional Sauna,traditional,indoor,4,6,220V/30 Amps,Natural Canadian Hemlock,63 x 69 x 79 in,,3896,4298,https://saunacosts.com/items/sunray-tiburon-4-person-indoor-traditional-sauna/
Sunray,Sunray Waverly 3 Person Outdoor Traditional Sauna,traditional,outdoor,3,4.5,,,61 x 51 x 98 in,,5290,5290,https://saunacosts.com/items/sunray-waverly-3-person-outdoor-traditional-sauna/
Sunray,Sunray Westlake 3 Person Luxury Indoor Traditional Sauna,traditional,indoor,3,6,"220V, 30 AMP Dedicated Outlet Required",,71 x 42 x 75 in,,4990,5296,https://saunacosts.com/items/sunray-westlake-3-person-luxury-indoor-traditional-sauna/
Sweat Kingdom,Sweat Kingdom SK Mobile 4-5 Person Sauna,traditional,indoor or outdoor,5,9,,Western Red Cedar,6.5 x 8 ft,,28500,28500,https://saunacosts.com/items/sweat-kingdom-sk-mobile-4-5-person-sauna/
Sweat Kingdom,Sweat Kingdom The Summit 2 Person Outdoor Cabin Sauna,traditional,outdoor,2,9,240V / 50A,Red Cedar,91 x 59 x 64 in,,5995,5995,https://saunacosts.com/items/sweat-kingdom-the-summit-2-person-outdoor-cabin-sauna/
Sweat Kingdom,Sweat Kingdom The Summit 4 Person Outdoor Cabin Sauna,traditional,outdoor,4,9,240V / 50A,Red Cedar,91 x 59 x 80 in,,6945,6945,https://saunacosts.com/items/sweat-kingdom-the-summit-4-person-outdoor-cabin-sauna/
Sweat Kingdom,Sweat Kingdom The Summit 6 Person Outdoor Cabin Sauna,traditional,outdoor,6,9,240V / 50A,Red Cedar,91 x 83 x 80 in,,5995,5995,https://saunacosts.com/items/sweat-kingdom-the-summit-6-person-outdoor-cabin-sauna/
Sweat Kingdom,Sweat Kingdom The Sweat Cabin 4 Person,traditional,indoor or outdoor,4,9,Homecraft Revive 9kW - 50A · 6/3 hardwired,Premium Red Cedar Construction,,,7445,7445,https://saunacosts.com/items/sweat-kingdom-the-sweat-cabin-4-person/
Sweat Kingdom,Sweat Kingdom The Sweat Cabin 4 Person Blackout Edition,traditional,outdoor,4,9,240V / 50A,Red Cedar,77 x 72.5 x 72 in,,8295,9245,https://saunacosts.com/items/sweat-kingdom-the-sweat-cabin-4-person-blackout-edition/
Sweat Kingdom,Sweat Kingdom The Sweat Cabin Deluxe 6 Person,traditional,indoor or outdoor,6,9,Homecraft Revive 9kW - 50A · 6/3 hardwired,Premium Red Cedar Construction,84 x 73.5 x 89 in,,8495,11245,https://saunacosts.com/items/sweat-kingdom-the-sweat-cabin-deluxe-6-person/
Sweat Kingdom,Sweat Kingdom The Sweat Pod 2-4 Person,traditional,indoor or outdoor,2,6,Homecraft Revive 6kW - 40A · 8/3 hardwired,Red Cedar Construction,,,6045,6045,https://saunacosts.com/items/sweat-kingdom-the-sweat-pod-2-4-person/
Sweat Kingdom,Sweat Kingdom The Sweat Pod 2-4 Person Blackout Edition,traditional,indoor or outdoor,2,6,Homecraft Revive 6kW - 40A · 8/3 hardwired,Red Cedar Construction,,,6495,7545,https://saunacosts.com/items/sweat-kingdom-the-sweat-pod-2-4-person-blackout-edition/
